from_bus,to_bus,from_bus_degree,to_bus_degree,edge_betweenness_centrality
0,1,1,3,0.06060606060606061
1,2,3,3,0.15688131313131312
1,18,3,2,0.1568813131313131
2,3,3,2,0.09154040404040403
2,22,3,2,0.1581439393939394
3,4,2,2,0.09595959595959595
4,5,2,3,0.12436868686868685
5,6,3,2,0.22948232323232326
5,25,3,2,0.17518939393939395
6,7,2,3,0.23516414141414144
7,8,3,3,0.2537878787878788
7,20,3,3,0.18339646464646464
8,9,3,2,0.08996212121212122
8,14,3,3,0.21117424242424246
9,10,2,2,0.04450757575757576
10,11,2,3,0.03125
11,12,3,2,0.06597222222222221
11,21,3,2,0.0991161616161616
12,13,2,2,0.06029040404040405
13,14,2,3,0.09248737373737374
14,15,3,2,0.19507575757575757
15,16,2,2,0.17045454545454547
16,17,2,2,0.14962121212121213
17,32,2,2,0.13257575757575757
18,19,2,2,0.16256313131313127
19,20,2,3,0.17960858585858583
20,21,3,2,0.12815656565656564
22,23,2,2,0.13920454545454547
23,24,2,2,0.1240530303030303
24,28,2,3,0.13352272727272727
25,26,2,2,0.15056818181818182
26,27,2,2,0.12973484848484848
27,28,2,3,0.1240530303030303
28,29,3,2,0.15845959595959594
29,30,2,2,0.13952020202020202
30,31,2,2,0.13068181818181818
31,32,2,2,0.12878787878787878
