bus_id,node_degree,node_weighted_degree,betweenness_centrality,closeness_centrality,eigenvector_centrality,local_clustering_coefficient,pagerank
0,1,1,0.0,0.1711229946524064,0.04492358308338522,0,0.016280866353495422
1,3,3,0.167002688172043,0.20512820512820512,0.10976760835637119,0,0.041417951292413505
2,3,3,0.18413978494623653,0.20512820512820512,0.10313567265599108,0,0.03971688092740228
3,2,2,0.06754032258064516,0.2,0.08585357592015198,0,0.027333746267860844
4,2,2,0.08501344086021505,0.21333333333333335,0.10664161605563185,0,0.02714321216475997
5,3,3,0.2493279569892473,0.23880597014925373,0.174720559816229,0,0.03875327360220277
6,2,2,0.21505376344086022,0.24060150375939848,0.22722889991570766,0,0.025889365192863986
7,3,3,0.3256048387096775,0.25,0.3805115433471454,0,0.03657531279575043
8,3,3,0.26310483870967744,0.23529411764705882,0.3735472064388519,0,0.03683362153179621
9,2,2,0.03931451612903226,0.19875776397515527,0.23521850095130303,0,0.026255431460229198
10,2,2,0.008064516129032258,0.1807909604519774,0.2012115532410114,0,0.026527202568620158
11,3,3,0.07224462365591397,0.19161676646706588,0.2564442238849722,0,0.03819964107577459
12,2,2,0.034946236559139775,0.1787709497206704,0.18581884732000833,0,0.026698073614760974
13,2,2,0.049059139784946235,0.18604651162790697,0.19760656323623388,0,0.02665848757394843
14,3,3,0.23319892473118276,0.21621621621621623,0.2970354532440521,0,0.03799689733639091
15,2,2,0.1622983870967742,0.19753086419753085,0.15465581350499566,0,0.02749740893541986
16,2,2,0.1381048387096774,0.1839080459770115,0.0808680936774249,0,0.028671378228925962
17,2,2,0.11794354838709677,0.17391304347826086,0.04294648867170136,0,0.029271740382628995
18,2,2,0.13776881720430106,0.20512820512820512,0.12015086378511351,0,0.027721396904394718
19,2,2,0.14986559139784944,0.21476510067114093,0.18381708049344014,0,0.026918094980409753
20,3,3,0.2291666666666666,0.23357664233576642,0.32900443324103995,0,0.03738254403349374
21,2,2,0.08870967741935482,0.20125786163522014,0.2395937756394013,0,0.025959904987156595
22,2,2,0.12600806451612903,0.19161676646706588,0.05638233258711826,0,0.027808757863542925
23,2,2,0.10786290322580645,0.18181818181818182,0.03462864469680779,0,0.028259660464673618
24,2,2,0.10483870967741934,0.1797752808988764,0.028228137563853374,0,0.027989784818807092
25,2,2,0.1411290322580645,0.21621621621621623,0.09305476147720337,0,0.027459581439732934
26,2,2,0.11693548387096774,0.2,0.05265531361182363,0,0.028077771767740792
27,2,2,0.10282258064516128,0.19161676646706588,0.03560527567666757,0,0.02791290103007727
28,3,3,0.18918010752688175,0.19047619047619047,0.03434246297942694,0,0.0403532998239125
29,2,2,0.12634408602150535,0.17679558011049723,0.02007737545585266,0,0.028354026012380868
30,2,2,0.11155913978494623,0.1702127659574468,0.01471352989992914,0,0.029115594196220507
31,2,2,0.10584677419354839,0.16842105263157894,0.015873336017030795,0,0.029460603232741776
32,2,2,0.10685483870967742,0.16842105263157894,0.024072051063186373,0,0.029505587139470504
