timestamp,bus_id,anomaly_score,is_anomaly
2026-01-01 00:00:00,0,0.01784645433211185,0
2026-01-01 00:15:00,0,0.07330237023887443,0
2026-01-01 00:30:00,0,0.0682029444294242,0
2026-01-01 00:45:00,0,0.07341564917107302,0
2026-01-01 01:00:00,0,0.08195329734007328,0
2026-01-01 01:15:00,0,0.08404932796082176,1
2026-01-01 01:30:00,0,0.07582083909103843,0
2026-01-01 01:45:00,0,0.06383990124834227,0
2026-01-01 02:00:00,0,0.06668241659348884,0
2026-01-01 02:15:00,0,0.0510300526524593,0
2026-01-01 02:30:00,0,0.059863087323335784,0
2026-01-01 02:45:00,0,0.05339655529641496,0
2026-01-01 03:00:00,0,0.05785115809738828,0
2026-01-01 03:15:00,0,0.04842465335864121,0
2026-01-01 03:30:00,0,0.047348166710878714,0
2026-01-01 03:45:00,0,0.05154504004881477,0
2026-01-01 04:00:00,0,0.06607859262270921,0
2026-01-01 04:15:00,0,0.051341811753527145,0
2026-01-01 04:30:00,0,0.069575340546434,0
2026-01-01 04:45:00,0,0.05977441181347121,0
2026-01-01 05:00:00,0,0.0835683132856716,1
2026-01-01 05:15:00,0,0.05125261147375226,0
2026-01-01 05:30:00,0,0.10000716244607588,1
2026-01-01 05:45:00,0,0.081450595136915,0
2026-01-01 06:00:00,0,0.08021970149710134,0
2026-01-01 06:15:00,0,0.06541138337570096,0
2026-01-01 06:30:00,0,0.08141062159264845,0
2026-01-01 06:45:00,0,0.08198702767974875,0
2026-01-01 07:00:00,0,0.08948941094974472,1
2026-01-01 07:15:00,0,0.06546748246911138,0
2026-01-01 07:30:00,0,0.09345979406867821,1
2026-01-01 07:45:00,0,0.09619942123281056,1
2026-01-01 08:00:00,0,0.09114394592963293,1
2026-01-01 08:15:00,0,0.09793913348831151,1
2026-01-01 08:30:00,0,0.06355541858309466,0
2026-01-01 08:45:00,0,0.0661161921197454,0
2026-01-01 09:00:00,0,0.08171371412853434,0
2026-01-01 09:15:00,0,0.09934351322280655,1
2026-01-01 09:30:00,0,0.09900925815569817,1
2026-01-01 09:45:00,0,0.06877955232063859,0
2026-01-01 10:00:00,0,0.0712068155911747,0
2026-01-01 10:15:00,0,0.07661099611654054,0
2026-01-01 10:30:00,0,0.09651980800870785,1
2026-01-01 10:45:00,0,0.09487435788785803,1
2026-01-01 11:00:00,0,0.098179560033272,1
2026-01-01 11:15:00,0,0.05791752625361646,0
2026-01-01 11:30:00,0,0.07711906300900451,0
2026-01-01 11:45:00,0,0.07261667420189422,0
2026-01-01 12:00:00,0,0.07429761393788636,0
2026-01-01 12:15:00,0,0.0829570506595152,1
2026-01-01 12:30:00,0,0.0761589288821517,0
2026-01-01 12:45:00,0,0.07470417390826867,0
2026-01-01 13:00:00,0,0.09715562698027802,1
2026-01-01 13:15:00,0,0.10661871459929317,1
2026-01-01 13:30:00,0,0.10905172480335812,1
2026-01-01 13:45:00,0,0.10680462952076797,1
2026-01-01 14:00:00,0,0.09953205447184166,1
2026-01-01 00:00:00,1,0.10867533130050278,1
2026-01-01 00:15:00,1,0.07455397591429169,0
2026-01-01 00:30:00,1,0.0812926891584903,0
2026-01-01 00:45:00,1,-0.05080956019543842,0
2026-01-01 01:00:00,1,-0.053130066524207875,0
2026-01-01 01:15:00,1,-0.042225278560544366,0
2026-01-01 01:30:00,1,-0.07069084989598506,0
2026-01-01 01:45:00,1,-0.07059914503091752,0
2026-01-01 02:00:00,1,-0.04770479040697745,0
2026-01-01 02:15:00,1,-0.06519252760738192,0
2026-01-01 02:30:00,1,-0.06822382653697256,0
2026-01-01 02:45:00,1,-0.06693720988164392,0
2026-01-01 03:00:00,1,-0.06261122639848582,0
2026-01-01 03:15:00,1,-0.08001883054879827,0
2026-01-01 03:30:00,1,-0.07796703019788714,0
2026-01-01 03:45:00,1,-0.07937125631829645,0
2026-01-01 04:00:00,1,-0.05152945038725004,0
2026-01-01 04:15:00,1,-0.06941006324687932,0
2026-01-01 04:30:00,1,-0.06424346673433956,0
2026-01-01 04:45:00,1,-0.0680612890453241,0
2026-01-01 05:00:00,1,-0.040645822377419705,0
2026-01-01 05:15:00,1,-0.07551760144306552,0
2026-01-01 05:30:00,1,-0.012565010213588967,0
2026-01-01 05:45:00,1,-0.052469667639339856,0
2026-01-01 06:00:00,1,-0.05309778101928775,0
2026-01-01 06:15:00,1,-0.056780434505125044,0
2026-01-01 06:30:00,1,-0.06053791901279987,0
2026-01-01 06:45:00,1,-0.05508137497434029,0
2026-01-01 07:00:00,1,-0.05613675231660692,0
2026-01-01 07:15:00,1,-0.06138847860175334,0
2026-01-01 07:30:00,1,-0.04841474203078194,0
2026-01-01 07:45:00,1,-0.0330407823320073,0
2026-01-01 08:00:00,1,-0.036121718601320185,0
2026-01-01 08:15:00,1,-0.03737442544285241,0
2026-01-01 08:30:00,1,-0.058154111750190696,0
2026-01-01 08:45:00,1,-0.060740752911114915,0
2026-01-01 09:00:00,1,-0.06134208725096735,0
2026-01-01 09:15:00,1,-0.07241300620929492,0
2026-01-01 09:30:00,1,-0.07171421844345571,0
2026-01-01 09:45:00,1,-0.0625636578223176,0
2026-01-01 10:00:00,1,-0.05525613097193954,0
2026-01-01 10:15:00,1,-0.07138201548156786,0
2026-01-01 10:30:00,1,-0.06175926237213086,0
2026-01-01 10:45:00,1,-0.0678834795622868,0
2026-01-01 11:00:00,1,-0.04651922680733184,0
2026-01-01 11:15:00,1,-0.05924767645522311,0
2026-01-01 11:30:00,1,-0.04999390909310997,0
2026-01-01 11:45:00,1,-0.058290293666943216,0
2026-01-01 12:00:00,1,-0.061540385077308524,0
2026-01-01 12:15:00,1,-0.052829849331613776,0
2026-01-01 12:30:00,1,-0.05061546583581372,0
2026-01-01 12:45:00,1,-0.05235588873243868,0
2026-01-01 13:00:00,1,-0.0516092838157291,0
2026-01-01 13:15:00,1,-0.03425116515859644,0
2026-01-01 13:30:00,1,-0.03521962911155985,0
2026-01-01 13:45:00,1,-0.02266426842382918,0
2026-01-01 14:00:00,1,-0.017511593089621746,0
2026-01-01 00:00:00,2,0.05028476667641313,0
2026-01-01 00:15:00,2,0.03374015334954006,0
2026-01-01 00:30:00,2,0.03706359322502806,0
2026-01-01 00:45:00,2,-0.06827033713040803,0
2026-01-01 01:00:00,2,-0.06868978978895007,0
2026-01-01 01:15:00,2,-0.059198385715161284,0
2026-01-01 01:30:00,2,-0.08351415216379637,0
2026-01-01 01:45:00,2,-0.08863343622186598,0
2026-01-01 02:00:00,2,-0.06707260097864837,0
2026-01-01 02:15:00,2,-0.07941450714685572,0
2026-01-01 02:30:00,2,-0.08335854526610775,0
2026-01-01 02:45:00,2,-0.08370576450411099,0
2026-01-01 03:00:00,2,-0.07973527828314553,0
2026-01-01 03:15:00,2,-0.09669532120565211,0
2026-01-01 03:30:00,2,-0.09404126853329686,0
2026-01-01 03:45:00,2,-0.09518837473259956,0
2026-01-01 04:00:00,2,-0.07107773473846113,0
2026-01-01 04:15:00,2,-0.08737697629851365,0
2026-01-01 04:30:00,2,-0.0794299486187588,0
2026-01-01 04:45:00,2,-0.08446909976418815,0
2026-01-01 05:00:00,2,-0.05905623362197604,0
2026-01-01 05:15:00,2,-0.09071493277848802,0
2026-01-01 05:30:00,2,-0.025457663916274076,0
2026-01-01 05:45:00,2,-0.06612338824470082,0
2026-01-01 06:00:00,2,-0.07247455357464205,0
2026-01-01 06:15:00,2,-0.07142550509705003,0
2026-01-01 06:30:00,2,-0.0742903774565058,0
2026-01-01 06:45:00,2,-0.07396085105303757,0
2026-01-01 07:00:00,2,-0.07705664082996294,0
2026-01-01 07:15:00,2,-0.08712263686050109,0
2026-01-01 07:30:00,2,-0.05955633248016767,0
2026-01-01 07:45:00,2,-0.03769306784976906,0
2026-01-01 08:00:00,2,-0.03210231540415309,0
2026-01-01 08:15:00,2,-0.03064374810529058,0
2026-01-01 08:30:00,2,-0.04262684376249698,0
2026-01-01 08:45:00,2,-0.0633728813674711,0
2026-01-01 09:00:00,2,-0.05986430952328575,0
2026-01-01 09:15:00,2,-0.08575288313916918,0
2026-01-01 09:30:00,2,-0.0779592575107555,0
2026-01-01 09:45:00,2,-0.06917241428223975,0
2026-01-01 10:00:00,2,-0.08139195528289811,0
2026-01-01 10:15:00,2,-0.06157671077441507,0
2026-01-01 10:30:00,2,-0.07059994479778636,0
2026-01-01 10:45:00,2,-0.08638352225425044,0
2026-01-01 11:00:00,2,-0.06824823219058873,0
2026-01-01 11:15:00,2,-0.058326612939401,0
2026-01-01 11:30:00,2,-0.05426343463363237,0
2026-01-01 11:45:00,2,-0.06852809834599244,0
2026-01-01 12:00:00,2,-0.06927110609071407,0
2026-01-01 12:15:00,2,-0.07384974281878615,0
2026-01-01 12:30:00,2,-0.0696867414129344,0
2026-01-01 12:45:00,2,-0.0634475012131745,0
2026-01-01 13:00:00,2,-0.06485367343920628,0
2026-01-01 13:15:00,2,-0.05987572180687273,0
2026-01-01 13:30:00,2,-0.05710074974666096,0
2026-01-01 13:45:00,2,-0.01918223613459885,0
2026-01-01 14:00:00,2,-0.027793898495167224,0
2026-01-01 00:00:00,3,-0.012562176081144627,0
2026-01-01 00:15:00,3,-0.013940919341832447,0
2026-01-01 00:30:00,3,-0.031135095018727355,0
2026-01-01 00:45:00,3,-0.07167927544059421,0
2026-01-01 01:00:00,3,-0.07072264260839867,0
2026-01-01 01:15:00,3,-0.05738906062479576,0
2026-01-01 01:30:00,3,-0.08819512238264665,0
2026-01-01 01:45:00,3,-0.09054508967199032,0
2026-01-01 02:00:00,3,-0.07289852426050664,0
2026-01-01 02:15:00,3,-0.08409011392634985,0
2026-01-01 02:30:00,3,-0.0831953624268954,0
2026-01-01 02:45:00,3,-0.08827270783158936,0
2026-01-01 03:00:00,3,-0.08156873108804424,0
2026-01-01 03:15:00,3,-0.0973178867229979,0
2026-01-01 03:30:00,3,-0.09576356804564029,0
2026-01-01 03:45:00,3,-0.09776572662574567,0
2026-01-01 04:00:00,3,-0.0727833277064604,0
2026-01-01 04:15:00,3,-0.08787215702722262,0
2026-01-01 04:30:00,3,-0.07846231398912384,0
2026-01-01 04:45:00,3,-0.08603191627174056,0
2026-01-01 05:00:00,3,-0.06048941412269743,0
2026-01-01 05:15:00,3,-0.09007416178283317,0
2026-01-01 05:30:00,3,-0.02713731818124543,0
2026-01-01 05:45:00,3,-0.06990964267624655,0
2026-01-01 06:00:00,3,-0.07257102967465501,0
2026-01-01 06:15:00,3,-0.07509673068384509,0
2026-01-01 06:30:00,3,-0.07260533341859021,0
2026-01-01 06:45:00,3,-0.07602181116426726,0
2026-01-01 07:00:00,3,-0.08007185766570485,0
2026-01-01 07:15:00,3,-0.0922086677124136,0
2026-01-01 07:30:00,3,-0.057164746035580805,0
2026-01-01 07:45:00,3,-0.04266368277992805,0
2026-01-01 08:00:00,3,-0.035165057443452274,0
2026-01-01 08:15:00,3,-0.03453639206447545,0
2026-01-01 08:30:00,3,-0.04368658219183025,0
2026-01-01 08:45:00,3,-0.06571897258407505,0
2026-01-01 09:00:00,3,-0.06936534626818153,0
2026-01-01 09:15:00,3,-0.08760782849116378,0
2026-01-01 09:30:00,3,-0.07810376288973009,0
2026-01-01 09:45:00,3,-0.0724540379980479,0
2026-01-01 10:00:00,3,-0.08790389744527155,0
2026-01-01 10:15:00,3,-0.07161611037030818,0
2026-01-01 10:30:00,3,-0.07609167057078131,0
2026-01-01 10:45:00,3,-0.08854626915005015,0
2026-01-01 11:00:00,3,-0.06919391958831739,0
2026-01-01 11:15:00,3,-0.05731801922846946,0
2026-01-01 11:30:00,3,-0.05636226625168145,0
2026-01-01 11:45:00,3,-0.08168079604812362,0
2026-01-01 12:00:00,3,-0.07664563980320754,0
2026-01-01 12:15:00,3,-0.07578713057318986,0
2026-01-01 12:30:00,3,-0.06664272491773066,0
2026-01-01 12:45:00,3,-0.06461315625288133,0
2026-01-01 13:00:00,3,-0.06865252165546931,0
2026-01-01 13:15:00,3,-0.06059571846184564,0
2026-01-01 13:30:00,3,-0.05856366954734121,0
2026-01-01 13:45:00,3,-0.012188996123116191,0
2026-01-01 14:00:00,3,-0.009905084902289474,0
2026-01-01 00:00:00,4,-0.01574913599191502,0
2026-01-01 00:15:00,4,-0.020305377081043074,0
2026-01-01 00:30:00,4,-0.020411400892272946,0
2026-01-01 00:45:00,4,-0.07851840160911844,0
2026-01-01 01:00:00,4,-0.07549242890670937,0
2026-01-01 01:15:00,4,-0.06252101900923368,0
2026-01-01 01:30:00,4,-0.0902152598848514,0
2026-01-01 01:45:00,4,-0.09652560112625408,0
2026-01-01 02:00:00,4,-0.08025405268347191,0
2026-01-01 02:15:00,4,-0.08804711184035685,0
2026-01-01 02:30:00,4,-0.09196298991560181,0
2026-01-01 02:45:00,4,-0.09322155518324499,0
2026-01-01 03:00:00,4,-0.08554814822957313,0
2026-01-01 03:15:00,4,-0.10104747652257373,0
2026-01-01 03:30:00,4,-0.09911123026787427,0
2026-01-01 03:45:00,4,-0.10191880004637477,0
2026-01-01 04:00:00,4,-0.07995971242787309,0
2026-01-01 04:15:00,4,-0.0936322200273007,0
2026-01-01 04:30:00,4,-0.08403626742776105,0
2026-01-01 04:45:00,4,-0.0905718826232062,0
2026-01-01 05:00:00,4,-0.0693905475801248,0
2026-01-01 05:15:00,4,-0.09535616826917598,0
2026-01-01 05:30:00,4,-0.03742616822406014,0
2026-01-01 05:45:00,4,-0.07043569234411068,0
2026-01-01 06:00:00,4,-0.07683205353177835,0
2026-01-01 06:15:00,4,-0.0787819195299071,0
2026-01-01 06:30:00,4,-0.07874865545855902,0
2026-01-01 06:45:00,4,-0.07479733402788313,0
2026-01-01 07:00:00,4,-0.07810699681868799,0
2026-01-01 07:15:00,4,-0.09527804705559467,0
2026-01-01 07:30:00,4,-0.06433591148700524,0
2026-01-01 07:45:00,4,-0.04738354260905492,0
2026-01-01 08:00:00,4,-0.04165120057064853,0
2026-01-01 08:15:00,4,-0.04202523024759941,0
2026-01-01 08:30:00,4,-0.05004858959142772,0
2026-01-01 08:45:00,4,-0.06489976974425038,0
2026-01-01 09:00:00,4,-0.07342580045176517,0
2026-01-01 09:15:00,4,-0.0882282453229285,0
2026-01-01 09:30:00,4,-0.08147383110983686,0
2026-01-01 09:45:00,4,-0.07602099116238265,0
2026-01-01 10:00:00,4,-0.09128442071182752,0
2026-01-01 10:15:00,4,-0.08297266234182965,0
2026-01-01 10:30:00,4,-0.07749971640407843,0
2026-01-01 10:45:00,4,-0.09461267287707364,0
2026-01-01 11:00:00,4,-0.07632382105788116,0
2026-01-01 11:15:00,4,-0.06595103497808896,0
2026-01-01 11:30:00,4,-0.06567535462626806,0
2026-01-01 11:45:00,4,-0.08678417747664863,0
2026-01-01 12:00:00,4,-0.07916725304203037,0
2026-01-01 12:15:00,4,-0.08278676872805868,0
2026-01-01 12:30:00,4,-0.07491048539965373,0
2026-01-01 12:45:00,4,-0.07119103408043237,0
2026-01-01 13:00:00,4,-0.07121566033078036,0
2026-01-01 13:15:00,4,-0.06357656484803365,0
2026-01-01 13:30:00,4,-0.06262840459362384,0
2026-01-01 13:45:00,4,-0.01760174531012204,0
2026-01-01 14:00:00,4,-0.02066971507688664,0
2026-01-01 00:00:00,5,0.06257310248965209,0
2026-01-01 00:15:00,5,0.07304370270364158,0
2026-01-01 00:30:00,5,0.06288561185200359,0
2026-01-01 00:45:00,5,-0.042066384640964904,0
2026-01-01 01:00:00,5,-0.03470113664777902,0
2026-01-01 01:15:00,5,-0.025978054205827494,0
2026-01-01 01:30:00,5,-0.05245993630319257,0
2026-01-01 01:45:00,5,-0.05695152263426778,0
2026-01-01 02:00:00,5,-0.041469334990694384,0
2026-01-01 02:15:00,5,-0.043631249584893894,0
2026-01-01 02:30:00,5,-0.05721269073173113,0
2026-01-01 02:45:00,5,-0.05024639547495385,0
2026-01-01 03:00:00,5,-0.05279416195053682,0
2026-01-01 03:15:00,5,-0.06879849182937248,0
2026-01-01 03:30:00,5,-0.06571539379564267,0
2026-01-01 03:45:00,5,-0.062068738183849115,0
2026-01-01 04:00:00,5,-0.045503729403416515,0
2026-01-01 04:15:00,5,-0.05650457064611486,0
2026-01-01 04:30:00,5,-0.04976353084400792,0
2026-01-01 04:45:00,5,-0.05584487317876874,0
2026-01-01 05:00:00,5,-0.03433915407659921,0
2026-01-01 05:15:00,5,-0.06414668856856637,0
2026-01-01 05:30:00,5,-0.002077745448389956,0
2026-01-01 05:45:00,5,-0.03734282103278197,0
2026-01-01 06:00:00,5,-0.04976470192924326,0
2026-01-01 06:15:00,5,-0.04186731630913948,0
2026-01-01 06:30:00,5,-0.049557900102307595,0
2026-01-01 06:45:00,5,-0.04599707953213761,0
2026-01-01 07:00:00,5,-0.05342119884356544,0
2026-01-01 07:15:00,5,-0.06307164267293525,0
2026-01-01 07:30:00,5,-0.035604269117232024,0
2026-01-01 07:45:00,5,-0.016263112162107296,0
2026-01-01 08:00:00,5,-0.009056760754667215,0
2026-01-01 08:15:00,5,-0.00658612757364202,0
2026-01-01 08:30:00,5,-0.01696957700102536,0
2026-01-01 08:45:00,5,-0.03873536378046216,0
2026-01-01 09:00:00,5,-0.04509534443668539,0
2026-01-01 09:15:00,5,-0.053866602695973154,0
2026-01-01 09:30:00,5,-0.053471718425472436,0
2026-01-01 09:45:00,5,-0.042974856703397346,0
2026-01-01 10:00:00,5,-0.05331346222509731,0
2026-01-01 10:15:00,5,-0.04047175790542529,0
2026-01-01 10:30:00,5,-0.04422567044568343,0
2026-01-01 10:45:00,5,-0.06097242626346766,0
2026-01-01 11:00:00,5,-0.04635827851948365,0
2026-01-01 11:15:00,5,-0.0362706200074534,0
2026-01-01 11:30:00,5,-0.023618687516372805,0
2026-01-01 11:45:00,5,-0.04912723733810176,0
2026-01-01 12:00:00,5,-0.05013735529635205,0
2026-01-01 12:15:00,5,-0.04826144379466668,0
2026-01-01 12:30:00,5,-0.0428089401797454,0
2026-01-01 12:45:00,5,-0.036177250955031326,0
2026-01-01 13:00:00,5,-0.03774571554147643,0
2026-01-01 13:15:00,5,-0.03386530759924017,0
2026-01-01 13:30:00,5,-0.030323937481812835,0
2026-01-01 13:45:00,5,0.01249500061826192,0
2026-01-01 14:00:00,5,0.00631414267855146,0
2026-01-01 00:00:00,6,0.09601069111662619,1
2026-01-01 00:15:00,6,0.1053491925671487,1
2026-01-01 00:30:00,6,0.08495591126607693,1
2026-01-01 00:45:00,6,-0.05442204931968492,0
2026-01-01 01:00:00,6,-0.04653528339335056,0
2026-01-01 01:15:00,6,-0.037100493694010306,0
2026-01-01 01:30:00,6,-0.06599063956250723,0
2026-01-01 01:45:00,6,-0.07317224494547547,0
2026-01-01 02:00:00,6,-0.05882288011454456,0
2026-01-01 02:15:00,6,-0.06319841994867859,0
2026-01-01 02:30:00,6,-0.07273230565001759,0
2026-01-01 02:45:00,6,-0.06626165995412708,0
2026-01-01 03:00:00,6,-0.06884050035550443,0
2026-01-01 03:15:00,6,-0.08564826206401555,0
2026-01-01 03:30:00,6,-0.0821999231589029,0
2026-01-01 03:45:00,6,-0.08158871875330226,0
2026-01-01 04:00:00,6,-0.06531342226880271,0
2026-01-01 04:15:00,6,-0.07231285027639411,0
2026-01-01 04:30:00,6,-0.06010805546881298,0
2026-01-01 04:45:00,6,-0.06452438162956547,0
2026-01-01 05:00:00,6,-0.04693339026699089,0
2026-01-01 05:15:00,6,-0.07919858848291533,0
2026-01-01 05:30:00,6,-0.01233408418757509,0
2026-01-01 05:45:00,6,-0.051403646893327715,0
2026-01-01 06:00:00,6,-0.05947299970249592,0
2026-01-01 06:15:00,6,-0.05361323783573402,0
2026-01-01 06:30:00,6,-0.051775675672097565,0
2026-01-01 06:45:00,6,-0.04814744732065385,0
2026-01-01 07:00:00,6,-0.059132300986403985,0
2026-01-01 07:15:00,6,-0.06510725318283045,0
2026-01-01 07:30:00,6,-0.04261047605815477,0
2026-01-01 07:45:00,6,-0.022431629839697542,0
2026-01-01 08:00:00,6,-0.023734980318632415,0
2026-01-01 08:15:00,6,-0.020266705186194833,0
2026-01-01 08:30:00,6,-0.03701936613968104,0
2026-01-01 08:45:00,6,-0.054479883435649135,0
2026-01-01 09:00:00,6,-0.05192279947612788,0
2026-01-01 09:15:00,6,-0.057018831443298335,0
2026-01-01 09:30:00,6,-0.04808414902937985,0
2026-01-01 09:45:00,6,-0.05916020524603566,0
2026-01-01 10:00:00,6,-0.05898374494997516,0
2026-01-01 10:15:00,6,-0.06219216569618485,0
2026-01-01 10:30:00,6,-0.05987895685693345,0
2026-01-01 10:45:00,6,-0.0687507104465685,0
2026-01-01 11:00:00,6,-0.04692591461050721,0
2026-01-01 11:15:00,6,-0.055284228506777555,0
2026-01-01 11:30:00,6,-0.04278137138892152,0
2026-01-01 11:45:00,6,-0.07141567671573229,0
2026-01-01 12:00:00,6,-0.06883309945906868,0
2026-01-01 12:15:00,6,-0.05992150721782935,0
2026-01-01 12:30:00,6,-0.056241701403022426,0
2026-01-01 12:45:00,6,-0.04904504730643866,0
2026-01-01 13:00:00,6,-0.048914800568459316,0
2026-01-01 13:15:00,6,-0.04290088742076131,0
2026-01-01 13:30:00,6,-0.03560298659393435,0
2026-01-01 13:45:00,6,-0.007223234166453041,0
2026-01-01 14:00:00,6,-0.01444416147857397,0
2026-01-01 00:00:00,7,0.044122050048774675,0
2026-01-01 00:15:00,7,0.03957735058046574,0
2026-01-01 00:30:00,7,0.022834276446454527,0
2026-01-01 00:45:00,7,-0.011674997442555013,0
2026-01-01 01:00:00,7,-0.0007406307387857747,0
2026-01-01 01:15:00,7,0.005261282922422672,0
2026-01-01 01:30:00,7,-0.016844723563308128,0
2026-01-01 01:45:00,7,-0.024076128228583016,0
2026-01-01 02:00:00,7,-0.009626248716503416,0
2026-01-01 02:15:00,7,-0.015291967914685511,0
2026-01-01 02:30:00,7,-0.021633737530602826,0
2026-01-01 02:45:00,7,-0.02188330723316706,0
2026-01-01 03:00:00,7,-0.01956094145451215,0
2026-01-01 03:15:00,7,-0.035471487880600894,0
2026-01-01 03:30:00,7,-0.03123011311084306,0
2026-01-01 03:45:00,7,-0.030738030187439813,0
2026-01-01 04:00:00,7,-0.015296831562501834,0
2026-01-01 04:15:00,7,-0.028053321895457783,0
2026-01-01 04:30:00,7,-0.014266848468660942,0
2026-01-01 04:45:00,7,-0.021308548358003998,0
2026-01-01 05:00:00,7,-0.002228971271870106,0
2026-01-01 05:15:00,7,-0.03303523732931851,0
2026-01-01 05:30:00,7,0.03140053523294628,0
2026-01-01 05:45:00,7,-0.008619883129568018,0
2026-01-01 06:00:00,7,-0.013175109163557297,0
2026-01-01 06:15:00,7,-0.010565518520473827,0
2026-01-01 06:30:00,7,-0.0073826916121702,0
2026-01-01 06:45:00,7,-0.0029985408614830455,0
2026-01-01 07:00:00,7,-0.00860509085804062,0
2026-01-01 07:15:00,7,-0.019510478782563345,0
2026-01-01 07:30:00,7,0.029397920490886964,0
2026-01-01 07:45:00,7,0.02153860613785319,0
2026-01-01 08:00:00,7,0.019702939725347646,0
2026-01-01 08:15:00,7,0.023237444194496137,0
2026-01-01 08:30:00,7,0.03383636119788802,0
2026-01-01 08:45:00,7,0.015930652214038332,0
2026-01-01 09:00:00,7,-0.005212911968805856,0
2026-01-01 09:15:00,7,-0.009431486979539105,0
2026-01-01 09:30:00,7,-0.0019254921718243612,0
2026-01-01 09:45:00,7,-0.00894718181529186,0
2026-01-01 10:00:00,7,-0.014496241612856675,0
2026-01-01 10:15:00,7,-0.013198070982054111,0
2026-01-01 10:30:00,7,-0.008008000143692684,0
2026-01-01 10:45:00,7,-0.015966165442143576,0
2026-01-01 11:00:00,7,0.003469950867884264,0
2026-01-01 11:15:00,7,-0.000544977340882602,0
2026-01-01 11:30:00,7,0.00926571689616551,0
2026-01-01 11:45:00,7,-0.02374813167708867,0
2026-01-01 12:00:00,7,-0.021798291044432427,0
2026-01-01 12:15:00,7,-0.012797972336288599,0
2026-01-01 12:30:00,7,-0.010006357080456274,0
2026-01-01 12:45:00,7,-0.003917404137309732,0
2026-01-01 13:00:00,7,-0.004765898012153658,0
2026-01-01 13:15:00,7,0.006202819091310041,0
2026-01-01 13:30:00,7,0.010628607781955624,0
2026-01-01 13:45:00,7,0.03404250555322086,0
2026-01-01 14:00:00,7,0.027396630320200566,0
2026-01-01 00:00:00,8,0.08084220862978786,0
2026-01-01 00:15:00,8,0.05586652169466477,0
2026-01-01 00:30:00,8,0.06301176826344967,0
2026-01-01 00:45:00,8,-0.03202141760184812,0
2026-01-01 01:00:00,8,-0.020732043402091893,0
2026-01-01 01:15:00,8,-0.011300531728661023,0
2026-01-01 01:30:00,8,-0.03866527207507964,0
2026-01-01 01:45:00,8,-0.04710177559536732,0
2026-01-01 02:00:00,8,-0.031002170581909072,0
2026-01-01 02:15:00,8,-0.03413259591958012,0
2026-01-01 02:30:00,8,-0.04365669386405463,0
2026-01-01 02:45:00,8,-0.04322296433431788,0
2026-01-01 03:00:00,8,-0.04186653428782988,0
2026-01-01 03:15:00,8,-0.05778383840109369,0
2026-01-01 03:30:00,8,-0.05553211458645835,0
2026-01-01 03:45:00,8,-0.0533724975012308,0
2026-01-01 04:00:00,8,-0.033111912954237877,0
2026-01-01 04:15:00,8,-0.048323757591633876,0
2026-01-01 04:30:00,8,-0.03577604773675386,0
2026-01-01 04:45:00,8,-0.044658271757851475,0
2026-01-01 05:00:00,8,-0.020494167734080804,0
2026-01-01 05:15:00,8,-0.05106935088077191,0
2026-01-01 05:30:00,8,0.014335464549168453,0
2026-01-01 05:45:00,8,-0.026995657451612753,0
2026-01-01 06:00:00,8,-0.035065031034182736,0
2026-01-01 06:15:00,8,-0.02834478220428638,0
2026-01-01 06:30:00,8,-0.02031523143342079,0
2026-01-01 06:45:00,8,-0.018351933082374483,0
2026-01-01 07:00:00,8,-0.0186127782582427,0
2026-01-01 07:15:00,8,-0.029799384742021484,0
2026-01-01 07:30:00,8,-0.00018776062766756585,0
2026-01-01 07:45:00,8,0.01060003055590697,0
2026-01-01 08:00:00,8,0.009542140372887142,0
2026-01-01 08:15:00,8,0.017543714569811075,0
2026-01-01 08:30:00,8,-0.003600356699706486,0
2026-01-01 08:45:00,8,-0.013896711655485172,0
2026-01-01 09:00:00,8,-0.01000206768943529,0
2026-01-01 09:15:00,8,-0.02141739573353546,0
2026-01-01 09:30:00,8,-0.011796967014395976,0
2026-01-01 09:45:00,8,-0.02568501927291178,0
2026-01-01 10:00:00,8,-0.0263441988125524,0
2026-01-01 10:15:00,8,-0.02616994969089037,0
2026-01-01 10:30:00,8,-0.02895404734186452,0
2026-01-01 10:45:00,8,-0.03077092899864392,0
2026-01-01 11:00:00,8,-0.026390517330592,0
2026-01-01 11:15:00,8,-0.022430715054664208,0
2026-01-01 11:30:00,8,-0.01669312070720591,0
2026-01-01 11:45:00,8,-0.04254093503841527,0
2026-01-01 12:00:00,8,-0.03948014514736625,0
2026-01-01 12:15:00,8,-0.03532859092581758,0
2026-01-01 12:30:00,8,-0.028406212889189097,0
2026-01-01 12:45:00,8,-0.025923040816846543,0
2026-01-01 13:00:00,8,-0.0247211718283204,0
2026-01-01 13:15:00,8,-0.015338277351129803,0
2026-01-01 13:30:00,8,-0.012337151002534463,0
2026-01-01 13:45:00,8,0.017771585560253822,0
2026-01-01 14:00:00,8,0.011811731767648936,0
2026-01-01 00:00:00,9,-0.022134171483866427,0
2026-01-01 00:15:00,9,-0.015773700462992812,0
2026-01-01 00:30:00,9,-0.041798695627621896,0
2026-01-01 00:45:00,9,-0.06123593652229431,0
2026-01-01 01:00:00,9,-0.05353654591277479,0
2026-01-01 01:15:00,9,-0.04104811192931562,0
2026-01-01 01:30:00,9,-0.06940153610380051,0
2026-01-01 01:45:00,9,-0.07989464863035572,0
2026-01-01 02:00:00,9,-0.059712668376316946,0
2026-01-01 02:15:00,9,-0.06841058885802354,0
2026-01-01 02:30:00,9,-0.0734418068501565,0
2026-01-01 02:45:00,9,-0.0721964296272361,0
2026-01-01 03:00:00,9,-0.07087538722984749,0
2026-01-01 03:15:00,9,-0.08870204307753166,0
2026-01-01 03:30:00,9,-0.08736518581337638,0
2026-01-01 03:45:00,9,-0.08658349753388478,0
2026-01-01 04:00:00,9,-0.06666957157860964,0
2026-01-01 04:15:00,9,-0.07968164284900586,0
2026-01-01 04:30:00,9,-0.06607356543881826,0
2026-01-01 04:45:00,9,-0.07244544069308323,0
2026-01-01 05:00:00,9,-0.04829907525497129,0
2026-01-01 05:15:00,9,-0.08029667952320607,0
2026-01-01 05:30:00,9,-0.015212874261398723,0
2026-01-01 05:45:00,9,-0.050196363581036574,0
2026-01-01 06:00:00,9,-0.06109785747806806,0
2026-01-01 06:15:00,9,-0.05321726769944368,0
2026-01-01 06:30:00,9,-0.052858776007132846,0
2026-01-01 06:45:00,9,-0.054334576110646404,0
2026-01-01 07:00:00,9,-0.06134645477568179,0
2026-01-01 07:15:00,9,-0.06587118208947729,0
2026-01-01 07:30:00,9,-0.036495425852348995,0
2026-01-01 07:45:00,9,-0.02759242878085949,0
2026-01-01 08:00:00,9,-0.024853183772397924,0
2026-01-01 08:15:00,9,-0.020063913426235425,0
2026-01-01 08:30:00,9,-0.03900004931880974,0
2026-01-01 08:45:00,9,-0.053413494613805956,0
2026-01-01 09:00:00,9,-0.047283827175785886,0
2026-01-01 09:15:00,9,-0.056992474955943506,0
2026-01-01 09:30:00,9,-0.0500550919434537,0
2026-01-01 09:45:00,9,-0.06095573443715918,0
2026-01-01 10:00:00,9,-0.0678680311123071,0
2026-01-01 10:15:00,9,-0.06477618264394513,0
2026-01-01 10:30:00,9,-0.0536068578367172,0
2026-01-01 10:45:00,9,-0.06810709670820836,0
2026-01-01 11:00:00,9,-0.04725129476440959,0
2026-01-01 11:15:00,9,-0.0376740420404188,0
2026-01-01 11:30:00,9,-0.03375618780597789,0
2026-01-01 11:45:00,9,-0.06418365134095488,0
2026-01-01 12:00:00,9,-0.06020889450621608,0
2026-01-01 12:15:00,9,-0.05968878308508713,0
2026-01-01 12:30:00,9,-0.05121913989699661,0
2026-01-01 12:45:00,9,-0.04114968097640842,0
2026-01-01 13:00:00,9,-0.051292708267928366,0
2026-01-01 13:15:00,9,-0.04314705560247961,0
2026-01-01 13:30:00,9,-0.041815549967637144,0
2026-01-01 13:45:00,9,-0.000534109253038928,0
2026-01-01 14:00:00,9,-0.01203071573678921,0
2026-01-01 00:00:00,10,-0.024409148938681624,0
2026-01-01 00:15:00,10,-0.03350414825434095,0
2026-01-01 00:30:00,10,-0.03968387441066695,0
2026-01-01 00:45:00,10,-0.05432648378084831,0
2026-01-01 01:00:00,10,-0.05043431002836346,0
2026-01-01 01:15:00,10,-0.03816656834049448,0
2026-01-01 01:30:00,10,-0.06782906611106099,0
2026-01-01 01:45:00,10,-0.0764223161120457,0
2026-01-01 02:00:00,10,-0.05647986900104629,0
2026-01-01 02:15:00,10,-0.06643061353664337,0
2026-01-01 02:30:00,10,-0.07115837240524381,0
2026-01-01 02:45:00,10,-0.0718405058315506,0
2026-01-01 03:00:00,10,-0.06586380959627136,0
2026-01-01 03:15:00,10,-0.08290602099036848,0
2026-01-01 03:30:00,10,-0.07987351016561434,0
2026-01-01 03:45:00,10,-0.08569043508660779,0
2026-01-01 04:00:00,10,-0.05825235874944129,0
2026-01-01 04:15:00,10,-0.07429645864320672,0
2026-01-01 04:30:00,10,-0.061225069161595036,0
2026-01-01 04:45:00,10,-0.06811715716062283,0
2026-01-01 05:00:00,10,-0.04432195802067823,0
2026-01-01 05:15:00,10,-0.07458064680308252,0
2026-01-01 05:30:00,10,-0.013061839668295994,0
2026-01-01 05:45:00,10,-0.04920013260161599,0
2026-01-01 06:00:00,10,-0.05288806057757228,0
2026-01-01 06:15:00,10,-0.0496092093258344,0
2026-01-01 06:30:00,10,-0.048436612178669014,0
2026-01-01 06:45:00,10,-0.05110595818092828,0
2026-01-01 07:00:00,10,-0.053413854939567795,0
2026-01-01 07:15:00,10,-0.06284272673053443,0
2026-01-01 07:30:00,10,-0.03522239340461719,0
2026-01-01 07:45:00,10,-0.023460243229931288,0
2026-01-01 08:00:00,10,-0.0215487954147644,0
2026-01-01 08:15:00,10,-0.01819515552654255,0
2026-01-01 08:30:00,10,-0.03555816897335479,0
2026-01-01 08:45:00,10,-0.04769406219572542,0
2026-01-01 09:00:00,10,-0.042423889991172414,0
2026-01-01 09:15:00,10,-0.05502726809695874,0
2026-01-01 09:30:00,10,-0.04442316825916226,0
2026-01-01 09:45:00,10,-0.05409732843660092,0
2026-01-01 10:00:00,10,-0.06035578685912174,0
2026-01-01 10:15:00,10,-0.058726338616270746,0
2026-01-01 10:30:00,10,-0.050785051660288794,0
2026-01-01 10:45:00,10,-0.0631741052807705,0
2026-01-01 11:00:00,10,-0.04297915683769271,0
2026-01-01 11:15:00,10,-0.03192913768959327,0
2026-01-01 11:30:00,10,-0.026351906454194052,0
2026-01-01 11:45:00,10,-0.05615687493158694,0
2026-01-01 12:00:00,10,-0.05172501892040143,0
2026-01-01 12:15:00,10,-0.05162314999499901,0
2026-01-01 12:30:00,10,-0.03992694122607321,0
2026-01-01 12:45:00,10,-0.03232281192712383,0
2026-01-01 13:00:00,10,-0.04486224428212654,0
2026-01-01 13:15:00,10,-0.035879119258436565,0
2026-01-01 13:30:00,10,-0.03397891349952786,0
2026-01-01 13:45:00,10,0.00557243603178903,0
2026-01-01 14:00:00,10,-0.006239900504079521,0
2026-01-01 00:00:00,11,-0.013060701448756207,0
2026-01-01 00:15:00,11,-0.022648175556574057,0
2026-01-01 00:30:00,11,-0.042242399079290116,0
2026-01-01 00:45:00,11,-0.051195179405609526,0
2026-01-01 01:00:00,11,-0.04132487911547306,0
2026-01-01 01:15:00,11,-0.031151397214774834,0
2026-01-01 01:30:00,11,-0.057606811409362135,0
2026-01-01 01:45:00,11,-0.0685960923575007,0
2026-01-01 02:00:00,11,-0.04961683246230575,0
2026-01-01 02:15:00,11,-0.05749542279086389,0
2026-01-01 02:30:00,11,-0.06617405321479003,0
2026-01-01 02:45:00,11,-0.06579246094332936,0
2026-01-01 03:00:00,11,-0.06142202896828647,0
2026-01-01 03:15:00,11,-0.07694458834330581,0
2026-01-01 03:30:00,11,-0.07454356791706684,0
2026-01-01 03:45:00,11,-0.07868453646593665,0
2026-01-01 04:00:00,11,-0.05241547571774374,0
2026-01-01 04:15:00,11,-0.06942785961356246,0
2026-01-01 04:30:00,11,-0.04626367919256624,0
2026-01-01 04:45:00,11,-0.060735034142594235,0
2026-01-01 05:00:00,11,-0.03351704523508037,0
2026-01-01 05:15:00,11,-0.06173111468878267,0
2026-01-01 05:30:00,11,-0.003857860426864368,0
2026-01-01 05:45:00,11,-0.0394361041052978,0
2026-01-01 06:00:00,11,-0.04621190257269836,0
2026-01-01 06:15:00,11,-0.04263815466012261,0
2026-01-01 06:30:00,11,-0.03938659520704996,0
2026-01-01 06:45:00,11,-0.03848479520320647,0
2026-01-01 07:00:00,11,-0.046332762983805176,0
2026-01-01 07:15:00,11,-0.05507768960573578,0
2026-01-01 07:30:00,11,-0.021016740875003492,0
2026-01-01 07:45:00,11,-0.013085634049005257,0
2026-01-01 08:00:00,11,-0.008641429394938671,0
2026-01-01 08:15:00,11,-0.009427411033231081,0
2026-01-01 08:30:00,11,-0.02571114686647913,0
2026-01-01 08:45:00,11,-0.04380301396379416,0
2026-01-01 09:00:00,11,-0.03822391220757615,0
2026-01-01 09:15:00,11,-0.046025273036174985,0
2026-01-01 09:30:00,11,-0.034137117628285196,0
2026-01-01 09:45:00,11,-0.048160789324212416,0
2026-01-01 10:00:00,11,-0.05654560741888531,0
2026-01-01 10:15:00,11,-0.05336965098104279,0
2026-01-01 10:30:00,11,-0.040321525757909205,0
2026-01-01 10:45:00,11,-0.05072163732009782,0
2026-01-01 11:00:00,11,-0.03472939893395027,0
2026-01-01 11:15:00,11,-0.025843817911667233,0
2026-01-01 11:30:00,11,-0.02440964529011952,0
2026-01-01 11:45:00,11,-0.05146096943214762,0
2026-01-01 12:00:00,11,-0.048109772478057644,0
2026-01-01 12:15:00,11,-0.04517791688877387,0
2026-01-01 12:30:00,11,-0.03616153249529974,0
2026-01-01 12:45:00,11,-0.03117593876443131,0
2026-01-01 13:00:00,11,-0.03829457602053438,0
2026-01-01 13:15:00,11,-0.03254088588252252,0
2026-01-01 13:30:00,11,-0.029380442116788863,0
2026-01-01 13:45:00,11,0.0053891243801449384,0
2026-01-01 14:00:00,11,0.0011760637783861938,0
2026-01-01 00:00:00,12,0.0053241004989914575,0
2026-01-01 00:15:00,12,0.009976266468763817,0
2026-01-01 00:30:00,12,-0.012103717738023045,0
2026-01-01 00:45:00,12,-0.05252832632108806,0
2026-01-01 01:00:00,12,-0.048835683004518016,0
2026-01-01 01:15:00,12,-0.03565679951590517,0
2026-01-01 01:30:00,12,-0.056121618159055975,0
2026-01-01 01:45:00,12,-0.07507440592954612,0
2026-01-01 02:00:00,12,-0.057335036689630414,0
2026-01-01 02:15:00,12,-0.07197939227954353,0
2026-01-01 02:30:00,12,-0.0671001925959327,0
2026-01-01 02:45:00,12,-0.06408676717539308,0
2026-01-01 03:00:00,12,-0.06419317465583346,0
2026-01-01 03:15:00,12,-0.08184177222165162,0
2026-01-01 03:30:00,12,-0.07893236454669028,0
2026-01-01 03:45:00,12,-0.08264986924845813,0
2026-01-01 04:00:00,12,-0.057171978462554174,0
2026-01-01 04:15:00,12,-0.07025522337536128,0
2026-01-01 04:30:00,12,-0.05813502354893413,0
2026-01-01 04:45:00,12,-0.06751439672350673,0
2026-01-01 05:00:00,12,-0.04481469364108809,0
2026-01-01 05:15:00,12,-0.07244680406159082,0
2026-01-01 05:30:00,12,-0.015106032117630619,0
2026-01-01 05:45:00,12,-0.04822115844802716,0
2026-01-01 06:00:00,12,-0.05765116972420142,0
2026-01-01 06:15:00,12,-0.0561313303794454,0
2026-01-01 06:30:00,12,-0.05078521420496773,0
2026-01-01 06:45:00,12,-0.05116516815721106,0
2026-01-01 07:00:00,12,-0.056866671668354296,0
2026-01-01 07:15:00,12,-0.07167009585840017,0
2026-01-01 07:30:00,12,-0.033396493487767576,0
2026-01-01 07:45:00,12,-0.02436728673419314,0
2026-01-01 08:00:00,12,-0.020232700082517152,0
2026-01-01 08:15:00,12,-0.018324337917331457,0
2026-01-01 08:30:00,12,-0.04511878963301624,0
2026-01-01 08:45:00,12,-0.05424186446500473,0
2026-01-01 09:00:00,12,-0.04842630359698463,0
2026-01-01 09:15:00,12,-0.053939754716296195,0
2026-01-01 09:30:00,12,-0.04409138008025909,0
2026-01-01 09:45:00,12,-0.06461732090856953,0
2026-01-01 10:00:00,12,-0.07614256060155361,0
2026-01-01 10:15:00,12,-0.0685011087413731,0
2026-01-01 10:30:00,12,-0.05070441103171397,0
2026-01-01 10:45:00,12,-0.06725094669154397,0
2026-01-01 11:00:00,12,-0.05241644183062122,0
2026-01-01 11:15:00,12,-0.03935116335262534,0
2026-01-01 11:30:00,12,-0.034049479330125754,0
2026-01-01 11:45:00,12,-0.067062811015132,0
2026-01-01 12:00:00,12,-0.06452949499969879,0
2026-01-01 12:15:00,12,-0.06547284216487403,0
2026-01-01 12:30:00,12,-0.05598541715678135,0
2026-01-01 12:45:00,12,-0.044507922268587186,0
2026-01-01 13:00:00,12,-0.05386811348682036,0
2026-01-01 13:15:00,12,-0.04613555031411132,0
2026-01-01 13:30:00,12,-0.04522631196877969,0
2026-01-01 13:45:00,12,-0.006858308544339831,0
2026-01-01 14:00:00,12,-0.016631695333988505,0
2026-01-01 00:00:00,13,0.017273715226749364,0
2026-01-01 00:15:00,13,-0.006517109763848061,0
2026-01-01 00:30:00,13,0.0015358160231063733,0
2026-01-01 00:45:00,13,-0.04324176345177955,0
2026-01-01 01:00:00,13,-0.03474899106986129,0
2026-01-01 01:15:00,13,-0.0199000461278237,0
2026-01-01 01:30:00,13,-0.041633351491453974,0
2026-01-01 01:45:00,13,-0.060210070734485976,0
2026-01-01 02:00:00,13,-0.04955949646704488,0
2026-01-01 02:15:00,13,-0.06539741172731339,0
2026-01-01 02:30:00,13,-0.06201478690572626,0
2026-01-01 02:45:00,13,-0.057868264693858196,0
2026-01-01 03:00:00,13,-0.057575732483377606,0
2026-01-01 03:15:00,13,-0.07821284539703183,0
2026-01-01 03:30:00,13,-0.07479363592444743,0
2026-01-01 03:45:00,13,-0.07538745875948855,0
2026-01-01 04:00:00,13,-0.05426770243723428,0
2026-01-01 04:15:00,13,-0.06883561408486771,0
2026-01-01 04:30:00,13,-0.04747228105375456,0
2026-01-01 04:45:00,13,-0.05751368067012741,0
2026-01-01 05:00:00,13,-0.03542052051985972,0
2026-01-01 05:15:00,13,-0.06990224549348201,0
2026-01-01 05:30:00,13,0.00026330992271550446,0
2026-01-01 05:45:00,13,-0.032110648057604774,0
2026-01-01 06:00:00,13,-0.0410066661924407,0
2026-01-01 06:15:00,13,-0.04777693494948676,0
2026-01-01 06:30:00,13,-0.03759058560595285,0
2026-01-01 06:45:00,13,-0.031069867272769502,0
2026-01-01 07:00:00,13,-0.03815650714879232,0
2026-01-01 07:15:00,13,-0.05908881734618776,0
2026-01-01 07:30:00,13,-0.007830778435813701,0
2026-01-01 07:45:00,13,-0.0012142415140954377,0
2026-01-01 08:00:00,13,0.002704082454086487,0
2026-01-01 08:15:00,13,0.005066858013931919,0
2026-01-01 08:30:00,13,-0.02639345340223259,0
2026-01-01 08:45:00,13,-0.0353276919139307,0
2026-01-01 09:00:00,13,-0.03166958433994804,0
2026-01-01 09:15:00,13,-0.0319677724715568,0
2026-01-01 09:30:00,13,-0.02253913412604097,0
2026-01-01 09:45:00,13,-0.0492979694839179,0
2026-01-01 10:00:00,13,-0.06563646080319163,0
2026-01-01 10:15:00,13,-0.054168111894808746,0
2026-01-01 10:30:00,13,-0.03213279581545736,0
2026-01-01 10:45:00,13,-0.050466641447978466,0
2026-01-01 11:00:00,13,-0.04165918585558598,0
2026-01-01 11:15:00,13,-0.029556213224178396,0
2026-01-01 11:30:00,13,-0.023467538709166902,0
2026-01-01 11:45:00,13,-0.05980394977686182,0
2026-01-01 12:00:00,13,-0.05585289946649613,0
2026-01-01 12:15:00,13,-0.05455604878876191,0
2026-01-01 12:30:00,13,-0.04651644012637679,0
2026-01-01 12:45:00,13,-0.03883454377363221,0
2026-01-01 13:00:00,13,-0.03677124813021193,0
2026-01-01 13:15:00,13,-0.0314834967354411,0
2026-01-01 13:30:00,13,-0.031183495698126673,0
2026-01-01 13:45:00,13,0.004892854449264017,0
2026-01-01 14:00:00,13,-0.007217242781797528,0
2026-01-01 00:00:00,14,0.0684206794393174,0
2026-01-01 00:15:00,14,0.042066131983563904,0
2026-01-01 00:30:00,14,0.04856720284061711,0
2026-01-01 00:45:00,14,0.013556995157208762,0
2026-01-01 01:00:00,14,0.023252148010283302,0
2026-01-01 01:15:00,14,0.03586680762238881,0
2026-01-01 01:30:00,14,0.017621264645460544,0
2026-01-01 01:45:00,14,0.0019518697473924762,0
2026-01-01 02:00:00,14,0.0123544124033379,0
2026-01-01 02:15:00,14,0.008337651316717376,0
2026-01-01 02:30:00,14,0.001493752658633385,0
2026-01-01 02:45:00,14,0.004209239942388532,0
2026-01-01 03:00:00,14,0.00411887284132062,0
2026-01-01 03:15:00,14,-0.00675278754682751,0
2026-01-01 03:30:00,14,-0.0050797460541681105,0
2026-01-01 03:45:00,14,-0.008073370340039354,0
2026-01-01 04:00:00,14,0.011301388199528861,0
2026-01-01 04:15:00,14,-0.0025419752522484185,0
2026-01-01 04:30:00,14,0.012345811559364983,0
2026-01-01 04:45:00,14,0.0028108411734527605,0
2026-01-01 05:00:00,14,0.021634008238158087,0
2026-01-01 05:15:00,14,-0.003632250494758016,0
2026-01-01 05:30:00,14,0.058409292817255154,0
2026-01-01 05:45:00,14,0.029588159669546976,0
2026-01-01 06:00:00,14,0.0158004732928827,0
2026-01-01 06:15:00,14,0.017445871789294798,0
2026-01-01 06:30:00,14,0.020229051420508237,0
2026-01-01 06:45:00,14,0.02735554298798104,0
2026-01-01 07:00:00,14,0.018682139123872288,0
2026-01-01 07:15:00,14,0.009943535336060627,0
2026-01-01 07:30:00,14,0.055816758818356016,0
2026-01-01 07:45:00,14,0.057962463252620666,0
2026-01-01 08:00:00,14,0.0598241805747427,0
2026-01-01 08:15:00,14,0.06595140856578419,0
2026-01-01 08:30:00,14,0.04187811366650063,0
2026-01-01 08:45:00,14,0.033664484834287633,0
2026-01-01 09:00:00,14,0.03882698152477182,0
2026-01-01 09:15:00,14,0.0344769838064134,0
2026-01-01 09:30:00,14,0.04661704549610379,0
2026-01-01 09:45:00,14,0.01941832522448106,0
2026-01-01 10:00:00,14,0.0035680047602890674,0
2026-01-01 10:15:00,14,0.011789389582637755,0
2026-01-01 10:30:00,14,0.02700035500661624,0
2026-01-01 10:45:00,14,0.007618033332862706,0
2026-01-01 11:00:00,14,0.022633714526609672,0
2026-01-01 11:15:00,14,0.02909813643406156,0
2026-01-01 11:30:00,14,0.03987164676232047,0
2026-01-01 11:45:00,14,0.0051254727865871486,0
2026-01-01 12:00:00,14,0.006843075817242195,0
2026-01-01 12:15:00,14,0.009728398519232795,0
2026-01-01 12:30:00,14,0.018141366147598426,0
2026-01-01 12:45:00,14,0.023093537188897728,0
2026-01-01 13:00:00,14,0.025083313012166375,0
2026-01-01 13:15:00,14,0.027750141118448757,0
2026-01-01 13:30:00,14,0.031481239670005934,0
2026-01-01 13:45:00,14,0.060950534666926126,0
2026-01-01 14:00:00,14,0.05319604336909989,0
2026-01-01 00:00:00,15,-0.013138802889415047,0
2026-01-01 00:15:00,15,-0.028652421022617724,0
2026-01-01 00:30:00,15,-0.044232838189994794,0
2026-01-01 00:45:00,15,-0.04918309069470472,0
2026-01-01 01:00:00,15,-0.033007428903762626,0
2026-01-01 01:15:00,15,-0.016907786817366766,0
2026-01-01 01:30:00,15,-0.04047916960248116,0
2026-01-01 01:45:00,15,-0.06399344963330938,0
2026-01-01 02:00:00,15,-0.050995863208185555,0
2026-01-01 02:15:00,15,-0.05545547521539601,0
2026-01-01 02:30:00,15,-0.06282164463414214,0
2026-01-01 02:45:00,15,-0.05741976409170363,0
2026-01-01 03:00:00,15,-0.05861334634858406,0
2026-01-01 03:15:00,15,-0.07559725604411904,0
2026-01-01 03:30:00,15,-0.0733386358478883,0
2026-01-01 03:45:00,15,-0.07086887817834675,0
2026-01-01 04:00:00,15,-0.053946882150895326,0
2026-01-01 04:15:00,15,-0.06737773372000921,0
2026-01-01 04:30:00,15,-0.04603984034988967,0
2026-01-01 04:45:00,15,-0.05869906534313468,0
2026-01-01 05:00:00,15,-0.03344125144025678,0
2026-01-01 05:15:00,15,-0.06727364852663004,0
2026-01-01 05:30:00,15,-0.0012418023362698594,0
2026-01-01 05:45:00,15,-0.030904849246875143,0
2026-01-01 06:00:00,15,-0.04713780291855313,0
2026-01-01 06:15:00,15,-0.04598180434831467,0
2026-01-01 06:30:00,15,-0.040004063741549245,0
2026-01-01 06:45:00,15,-0.036780421713568434,0
2026-01-01 07:00:00,15,-0.043185651469639985,0
2026-01-01 07:15:00,15,-0.049685795619985706,0
2026-01-01 07:30:00,15,-0.003662112332633194,0
2026-01-01 07:45:00,15,0.0027057823949481197,0
2026-01-01 08:00:00,15,0.005137039824477996,0
2026-01-01 08:15:00,15,0.00991466747626002,0
2026-01-01 08:30:00,15,-0.014860585554215489,0
2026-01-01 08:45:00,15,-0.028916872833162632,0
2026-01-01 09:00:00,15,-0.021341965152087916,0
2026-01-01 09:15:00,15,-0.025013760456944867,0
2026-01-01 09:30:00,15,-0.012630401404969793,0
2026-01-01 09:45:00,15,-0.046302863081288004,0
2026-01-01 10:00:00,15,-0.05872538322783594,0
2026-01-01 10:15:00,15,-0.050886879504177585,0
2026-01-01 10:30:00,15,-0.034011429031108265,0
2026-01-01 10:45:00,15,-0.05421374338330909,0
2026-01-01 11:00:00,15,-0.03954875977195693,0
2026-01-01 11:15:00,15,-0.03285067158797311,0
2026-01-01 11:30:00,15,-0.028183308393056994,0
2026-01-01 11:45:00,15,-0.05908824259050616,0
2026-01-01 12:00:00,15,-0.05463326017595349,0
2026-01-01 12:15:00,15,-0.05349703608990353,0
2026-01-01 12:30:00,15,-0.045828035140457135,0
2026-01-01 12:45:00,15,-0.039148806208186726,0
2026-01-01 13:00:00,15,-0.039072832463401874,0
2026-01-01 13:15:00,15,-0.03480182837735135,0
2026-01-01 13:30:00,15,-0.03348692433194744,0
2026-01-01 13:45:00,15,0.005076566371282176,0
2026-01-01 14:00:00,15,-0.0009202358641723363,0
2026-01-01 00:00:00,16,-0.001553932054053242,0
2026-01-01 00:15:00,16,-0.025759229808932638,0
2026-01-01 00:30:00,16,-0.027381794570440376,0
2026-01-01 00:45:00,16,-0.04413251027274456,0
2026-01-01 01:00:00,16,-0.020138922525962777,0
2026-01-01 01:15:00,16,-0.005329595113822916,0
2026-01-01 01:30:00,16,-0.03208584997919167,0
2026-01-01 01:45:00,16,-0.05819327942507346,0
2026-01-01 02:00:00,16,-0.05323492464607482,0
2026-01-01 02:15:00,16,-0.05257752041542518,0
2026-01-01 02:30:00,16,-0.057867282827879396,0
2026-01-01 02:45:00,16,-0.05521334750334017,0
2026-01-01 03:00:00,16,-0.05513074601967127,0
2026-01-01 03:15:00,16,-0.0739935481294961,0
2026-01-01 03:30:00,16,-0.07212974888653478,0
2026-01-01 03:45:00,16,-0.06811172067725019,0
2026-01-01 04:00:00,16,-0.0531821025005389,0
2026-01-01 04:15:00,16,-0.06477931686116956,0
2026-01-01 04:30:00,16,-0.03988520541282137,0
2026-01-01 04:45:00,16,-0.0540239146010576,0
2026-01-01 05:00:00,16,-0.02821593040024184,0
2026-01-01 05:15:00,16,-0.0634890491412603,0
2026-01-01 05:30:00,16,0.011577931949395492,0
2026-01-01 05:45:00,16,-0.020433395165038004,0
2026-01-01 06:00:00,16,-0.03350891415676721,0
2026-01-01 06:15:00,16,-0.044308984951309804,0
2026-01-01 06:30:00,16,-0.024204196099342545,0
2026-01-01 06:45:00,16,-0.024013597653593455,0
2026-01-01 07:00:00,16,-0.021480232771797225,0
2026-01-01 07:15:00,16,-0.042451770402439915,0
2026-01-01 07:30:00,16,0.012978250832454408,0
2026-01-01 07:45:00,16,0.020166699781165698,0
2026-01-01 08:00:00,16,0.023554697653569545,0
2026-01-01 08:15:00,16,0.02827105712581668,0
2026-01-01 08:30:00,16,-0.007284179023635928,0
2026-01-01 08:45:00,16,-0.01500318394479816,0
2026-01-01 09:00:00,16,-0.007573226347797057,0
2026-01-01 09:15:00,16,-0.007469169262211084,0
2026-01-01 09:30:00,16,0.010921080029557939,0
2026-01-01 09:45:00,16,-0.03501221103390967,0
2026-01-01 10:00:00,16,-0.04825400350569481,0
2026-01-01 10:15:00,16,-0.036314949581883416,0
2026-01-01 10:30:00,16,-0.010731525651125673,0
2026-01-01 10:45:00,16,-0.03669072040720772,0
2026-01-01 11:00:00,16,-0.03198927956555453,0
2026-01-01 11:15:00,16,-0.02753635576879876,0
2026-01-01 11:30:00,16,-0.01983928942376262,0
2026-01-01 11:45:00,16,-0.04845566888931779,0
2026-01-01 12:00:00,16,-0.04385819408005287,0
2026-01-01 12:15:00,16,-0.04467410753672585,0
2026-01-01 12:30:00,16,-0.03808989400129825,0
2026-01-01 12:45:00,16,-0.026912958155010547,0
2026-01-01 13:00:00,16,-0.027805465895008596,0
2026-01-01 13:15:00,16,-0.023401723007886788,0
2026-01-01 13:30:00,16,-0.02204060803744684,0
2026-01-01 13:45:00,16,0.014206161427135156,0
2026-01-01 14:00:00,16,0.0019683112290564964,0
2026-01-01 00:00:00,17,0.020330235099684235,0
2026-01-01 00:15:00,17,0.0019399401504263114,0
2026-01-01 00:30:00,17,-0.01978190815458547,0
2026-01-01 00:45:00,17,-0.04351979776109138,0
2026-01-01 01:00:00,17,-0.018542936683931477,0
2026-01-01 01:15:00,17,-0.0019297715865316256,0
2026-01-01 01:30:00,17,-0.026082374231254923,0
2026-01-01 01:45:00,17,-0.05994719400340942,0
2026-01-01 02:00:00,17,-0.0558725570480883,0
2026-01-01 02:15:00,17,-0.057408577921204296,0
2026-01-01 02:30:00,17,-0.057892114371740244,0
2026-01-01 02:45:00,17,-0.05529423795948224,0
2026-01-01 03:00:00,17,-0.058363270848511895,0
2026-01-01 03:15:00,17,-0.07792449117517491,0
2026-01-01 03:30:00,17,-0.07556182882001405,0
2026-01-01 03:45:00,17,-0.06959940278967902,0
2026-01-01 04:00:00,17,-0.0567646899398177,0
2026-01-01 04:15:00,17,-0.06637957172755343,0
2026-01-01 04:30:00,17,-0.03775809470301733,0
2026-01-01 04:45:00,17,-0.053786236364534,0
2026-01-01 05:00:00,17,-0.02930423310213026,0
2026-01-01 05:15:00,17,-0.06470600243308788,0
2026-01-01 05:30:00,17,0.014371191659544924,0
2026-01-01 05:45:00,17,-0.021292377707311183,0
2026-01-01 06:00:00,17,-0.03436410946390012,0
2026-01-01 06:15:00,17,-0.04541420422846637,0
2026-01-01 06:30:00,17,-0.020829688335393615,0
2026-01-01 06:45:00,17,-0.015930432898307312,0
2026-01-01 07:00:00,17,-0.024111059086132813,0
2026-01-01 07:15:00,17,-0.04327302823388929,0
2026-01-01 07:30:00,17,0.015574696292017465,0
2026-01-01 07:45:00,17,0.01727368168343546,0
2026-01-01 08:00:00,17,0.01940391003020303,0
2026-01-01 08:15:00,17,0.027322418201071952,0
2026-01-01 08:30:00,17,-0.013017070527609975,0
2026-01-01 08:45:00,17,-0.017228012446939556,0
2026-01-01 09:00:00,17,-0.009444113376411767,0
2026-01-01 09:15:00,17,-0.0014921603996082555,0
2026-01-01 09:30:00,17,0.014181695266398009,0
2026-01-01 09:45:00,17,-0.03296088189413249,0
2026-01-01 10:00:00,17,-0.05104801440236806,0
2026-01-01 10:15:00,17,-0.040791984931613956,0
2026-01-01 10:30:00,17,-0.010104671439427837,0
2026-01-01 10:45:00,17,-0.031034692569399003,0
2026-01-01 11:00:00,17,-0.030149961620611898,0
2026-01-01 11:15:00,17,-0.031164601045300333,0
2026-01-01 11:30:00,17,-0.019675443399990555,0
2026-01-01 11:45:00,17,-0.053014066948408656,0
2026-01-01 12:00:00,17,-0.045947614865778585,0
2026-01-01 12:15:00,17,-0.04396980644586124,0
2026-01-01 12:30:00,17,-0.04089457020767129,0
2026-01-01 12:45:00,17,-0.026988737394652795,0
2026-01-01 13:00:00,17,-0.02519022567520235,0
2026-01-01 13:15:00,17,-0.022792387467519548,0
2026-01-01 13:30:00,17,-0.02202679436575361,0
2026-01-01 13:45:00,17,0.014526764830381067,0
2026-01-01 14:00:00,17,-0.0011703883675966975,0
2026-01-01 00:00:00,18,0.12000458086476018,1
2026-01-01 00:15:00,18,0.09026603008642853,1
2026-01-01 00:30:00,18,0.09389808005844391,1
2026-01-01 00:45:00,18,-0.07106936526743768,0
2026-01-01 01:00:00,18,-0.0716175082660237,0
2026-01-01 01:15:00,18,-0.06072569440167458,0
2026-01-01 01:30:00,18,-0.08716591713448057,0
2026-01-01 01:45:00,18,-0.0889204698820083,0
2026-01-01 02:00:00,18,-0.07132397538761764,0
2026-01-01 02:15:00,18,-0.08352009917182207,0
2026-01-01 02:30:00,18,-0.08465126196579664,0
2026-01-01 02:45:00,18,-0.08783533391596832,0
2026-01-01 03:00:00,18,-0.08336501250333445,0
2026-01-01 03:15:00,18,-0.09763156239341675,0
2026-01-01 03:30:00,18,-0.09736698650752024,0
2026-01-01 03:45:00,18,-0.09594435703622517,0
2026-01-01 04:00:00,18,-0.0758680440181248,0
2026-01-01 04:15:00,18,-0.08648835168406416,0
2026-01-01 04:30:00,18,-0.0842256359984942,0
2026-01-01 04:45:00,18,-0.08715363387704922,0
2026-01-01 05:00:00,18,-0.06300092316097672,0
2026-01-01 05:15:00,18,-0.09165304560716203,0
2026-01-01 05:30:00,18,-0.030091446929851717,0
2026-01-01 05:45:00,18,-0.07069114449751274,0
2026-01-01 06:00:00,18,-0.07631006904085624,0
2026-01-01 06:15:00,18,-0.03428456893119092,0
2026-01-01 06:30:00,18,-0.05488731047596701,0
2026-01-01 06:45:00,18,0.025223721414939893,0
2026-01-01 07:00:00,18,0.03236972380589964,0
2026-01-01 07:15:00,18,0.02274978605450595,0
2026-01-01 07:30:00,18,0.009854517716175293,0
2026-01-01 07:45:00,18,0.012189247051848429,0
2026-01-01 08:00:00,18,0.0011170333209283845,0
2026-01-01 08:15:00,18,0.0002676447394114323,0
2026-01-01 08:30:00,18,0.018718092683775223,0
2026-01-01 08:45:00,18,0.022926763934486005,0
2026-01-01 09:00:00,18,0.04779745174646122,0
2026-01-01 09:15:00,18,0.05748858234455401,0
2026-01-01 09:30:00,18,0.07070357902285851,0
2026-01-01 09:45:00,18,0.051296857467159285,0
2026-01-01 10:00:00,18,0.06387381938221093,0
2026-01-01 10:15:00,18,0.054023622307071695,0
2026-01-01 10:30:00,18,0.06351180538223877,0
2026-01-01 10:45:00,18,0.062335569136201086,0
2026-01-01 11:00:00,18,0.06823090325044434,0
2026-01-01 11:15:00,18,0.04086200398108586,0
2026-01-01 11:30:00,18,0.05439344532907375,0
2026-01-01 11:45:00,18,0.04936302387256042,0
2026-01-01 12:00:00,18,0.047151045777737655,0
2026-01-01 12:15:00,18,0.05294189724399556,0
2026-01-01 12:30:00,18,0.06014086349061487,0
2026-01-01 12:45:00,18,0.05774650559618166,0
2026-01-01 13:00:00,18,0.06249143184771866,0
2026-01-01 13:15:00,18,0.06970903015068763,0
2026-01-01 13:30:00,18,0.07440288236836012,0
2026-01-01 13:45:00,18,0.0764743923897252,0
2026-01-01 14:00:00,18,0.07568098163296355,0
2026-01-01 00:00:00,19,0.005299085710243401,0
2026-01-01 00:15:00,19,-0.007135105936984021,0
2026-01-01 00:30:00,19,-0.006871586143950226,0
2026-01-01 00:45:00,19,-0.07600586535298365,0
2026-01-01 01:00:00,19,-0.07829719947647695,0
2026-01-01 01:15:00,19,-0.06554737533997673,0
2026-01-01 01:30:00,19,-0.09687413523065119,0
2026-01-01 01:45:00,19,-0.09698538294145731,0
2026-01-01 02:00:00,19,-0.07466607745706216,0
2026-01-01 02:15:00,19,-0.08332994887681977,0
2026-01-01 02:30:00,19,-0.09199183441912273,0
2026-01-01 02:45:00,19,-0.08926740539624806,0
2026-01-01 03:00:00,19,-0.08578610209194648,0
2026-01-01 03:15:00,19,-0.10406354855111505,0
2026-01-01 03:30:00,19,-0.10138079232596958,0
2026-01-01 03:45:00,19,-0.10137528327270018,0
2026-01-01 04:00:00,19,-0.07963129853951145,0
2026-01-01 04:15:00,19,-0.0940809523660534,0
2026-01-01 04:30:00,19,-0.0897235121915883,0
2026-01-01 04:45:00,19,-0.09103557836576265,0
2026-01-01 05:00:00,19,-0.06779246922383853,0
2026-01-01 05:15:00,19,-0.09853084699792997,0
2026-01-01 05:30:00,19,-0.038637484871904215,0
2026-01-01 05:45:00,19,-0.07867473389035018,0
2026-01-01 06:00:00,19,-0.08301121641462661,0
2026-01-01 06:15:00,19,-0.07919009891526124,0
2026-01-01 06:30:00,19,-0.08093503525126461,0
2026-01-01 06:45:00,19,-0.076482434220976,0
2026-01-01 07:00:00,19,-0.0772521937482582,0
2026-01-01 07:15:00,19,-0.06426913334682238,0
2026-01-01 07:30:00,19,-0.07407958483646998,0
2026-01-01 07:45:00,19,-0.0598455589523747,0
2026-01-01 08:00:00,19,-0.06482927790981241,0
2026-01-01 08:15:00,19,-0.05612148655905891,0
2026-01-01 08:30:00,19,-0.07825201740600829,0
2026-01-01 08:45:00,19,-0.07590618114004927,0
2026-01-01 09:00:00,19,-0.06282633433665502,0
2026-01-01 09:15:00,19,-0.08104690133038428,0
2026-01-01 09:30:00,19,-0.07454059662006629,0
2026-01-01 09:45:00,19,-0.07494153995735287,0
2026-01-01 10:00:00,19,-0.06950749418362578,0
2026-01-01 10:15:00,19,-0.0897136855437008,0
2026-01-01 10:30:00,19,-0.08273088949081897,0
2026-01-01 10:45:00,19,-0.08611230049008817,0
2026-01-01 11:00:00,19,-0.04733795046773598,0
2026-01-01 11:15:00,19,-0.07134905103082367,0
2026-01-01 11:30:00,19,-0.05675565752198719,0
2026-01-01 11:45:00,19,-0.0885477692023171,0
2026-01-01 12:00:00,19,-0.08614227170532235,0
2026-01-01 12:15:00,19,-0.07023133472205195,0
2026-01-01 12:30:00,19,-0.06694217554432885,0
2026-01-01 12:45:00,19,-0.06360497276165467,0
2026-01-01 13:00:00,19,-0.06241573834891612,0
2026-01-01 13:15:00,19,-0.03778265349856752,0
2026-01-01 13:30:00,19,-0.042234262133817646,0
2026-01-01 13:45:00,19,-0.04312899779064411,0
2026-01-01 14:00:00,19,-0.034292944585207374,0
2026-01-01 00:00:00,20,-0.02253193318839619,0
2026-01-01 00:15:00,20,-0.03674215738591757,0
2026-01-01 00:30:00,20,-0.04760865948995113,0
2026-01-01 00:45:00,20,-0.047181656823213236,0
2026-01-01 01:00:00,20,-0.04404470260045268,0
2026-01-01 01:15:00,20,-0.03447127019543994,0
2026-01-01 01:30:00,20,-0.0612019260025789,0
2026-01-01 01:45:00,20,-0.06550626899877326,0
2026-01-01 02:00:00,20,-0.04437348056370388,0
2026-01-01 02:15:00,20,-0.05064216824164025,0
2026-01-01 02:30:00,20,-0.06011120806801723,0
2026-01-01 02:45:00,20,-0.05911283234800635,0
2026-01-01 03:00:00,20,-0.05752694644567813,0
2026-01-01 03:15:00,20,-0.07045363345985117,0
2026-01-01 03:30:00,20,-0.06687322370003784,0
2026-01-01 03:45:00,20,-0.06937027547300006,0
2026-01-01 04:00:00,20,-0.04859433338250663,0
2026-01-01 04:15:00,20,-0.06213486818437847,0
2026-01-01 04:30:00,20,-0.05448234820484976,0
2026-01-01 04:45:00,20,-0.06078548480318052,0
2026-01-01 05:00:00,20,-0.03949020505977091,0
2026-01-01 05:15:00,20,-0.0641663065733502,0
2026-01-01 05:30:00,20,-0.005358430869721931,0
2026-01-01 05:45:00,20,-0.044550450114694606,0
2026-01-01 06:00:00,20,-0.05043028158928675,0
2026-01-01 06:15:00,20,-0.04820517238041433,0
2026-01-01 06:30:00,20,-0.04864311324301551,0
2026-01-01 06:45:00,20,-0.03187441946360775,0
2026-01-01 07:00:00,20,-0.04097266780323999,0
2026-01-01 07:15:00,20,-0.035540143494358856,0
2026-01-01 07:30:00,20,-0.04152219334740237,0
2026-01-01 07:45:00,20,-0.023785732490553768,0
2026-01-01 08:00:00,20,-0.03123771933605346,0
2026-01-01 08:15:00,20,-0.021400104540815423,0
2026-01-01 08:30:00,20,-0.045421750948494155,0
2026-01-01 08:45:00,20,-0.031831040473798866,0
2026-01-01 09:00:00,20,-0.02365992721896165,0
2026-01-01 09:15:00,20,-0.04471706423179134,0
2026-01-01 09:30:00,20,-0.041023258909536175,0
2026-01-01 09:45:00,20,-0.03722547567711548,0
2026-01-01 10:00:00,20,-0.02724745747552404,0
2026-01-01 10:15:00,20,-0.06102564949576117,0
2026-01-01 10:30:00,20,-0.04511374201119417,0
2026-01-01 10:45:00,20,-0.0519560459508826,0
2026-01-01 11:00:00,20,-0.019130499437650827,0
2026-01-01 11:15:00,20,-0.04571069531057431,0
2026-01-01 11:30:00,20,-0.035086501103515744,0
2026-01-01 11:45:00,20,-0.060655436705020105,0
2026-01-01 12:00:00,20,-0.05693809443627862,0
2026-01-01 12:15:00,20,-0.04459683002111059,0
2026-01-01 12:30:00,20,-0.03668660002549479,0
2026-01-01 12:45:00,20,-0.0387236065699163,0
2026-01-01 13:00:00,20,-0.0344140907877476,0
2026-01-01 13:15:00,20,-0.006977778279676161,0
2026-01-01 13:30:00,20,-0.016098330512686,0
2026-01-01 13:45:00,20,-0.012357806489580458,0
2026-01-01 14:00:00,20,-0.010558395773999196,0
2026-01-01 00:00:00,21,-0.039158102368103465,0
2026-01-01 00:15:00,21,-0.05131985898103397,0
2026-01-01 00:30:00,21,-0.07563682161493807,0
2026-01-01 00:45:00,21,-0.0738269295755209,0
2026-01-01 01:00:00,21,-0.07257414887258379,0
2026-01-01 01:15:00,21,-0.06114487188629808,0
2026-01-01 01:30:00,21,-0.08813398177715276,0
2026-01-01 01:45:00,21,-0.09220759546478952,0
2026-01-01 02:00:00,21,-0.07364323125249345,0
2026-01-01 02:15:00,21,-0.0793190003071716,0
2026-01-01 02:30:00,21,-0.08880940190797293,0
2026-01-01 02:45:00,21,-0.08532196979689022,0
2026-01-01 03:00:00,21,-0.08143697782645198,0
2026-01-01 03:15:00,21,-0.09976123220531025,0
2026-01-01 03:30:00,21,-0.09733215342753831,0
2026-01-01 03:45:00,21,-0.09822958523472036,0
2026-01-01 04:00:00,21,-0.07936687923591257,0
2026-01-01 04:15:00,21,-0.08885452888094575,0
2026-01-01 04:30:00,21,-0.08600445282417551,0
2026-01-01 04:45:00,21,-0.08520853658726829,0
2026-01-01 05:00:00,21,-0.06578301802925635,0
2026-01-01 05:15:00,21,-0.09158871083655606,0
2026-01-01 05:30:00,21,-0.03376417272067578,0
2026-01-01 05:45:00,21,-0.0743674997375619,0
2026-01-01 06:00:00,21,-0.07892028380320987,0
2026-01-01 06:15:00,21,-0.07817421147822912,0
2026-01-01 06:30:00,21,-0.07464557091730822,0
2026-01-01 06:45:00,21,-0.05915955194788991,0
2026-01-01 07:00:00,21,-0.0758074317534907,0
2026-01-01 07:15:00,21,-0.07161287882884021,0
2026-01-01 07:30:00,21,-0.06787622395213438,0
2026-01-01 07:45:00,21,-0.056935313410759414,0
2026-01-01 08:00:00,21,-0.05773536528673384,0
2026-01-01 08:15:00,21,-0.050373920267542616,0
2026-01-01 08:30:00,21,-0.07454993031041707,0
2026-01-01 08:45:00,21,-0.0807109980926522,0
2026-01-01 09:00:00,21,-0.05469019774601491,0
2026-01-01 09:15:00,21,-0.07515171705887691,0
2026-01-01 09:30:00,21,-0.07393223107194824,0
2026-01-01 09:45:00,21,-0.05914439403785293,0
2026-01-01 10:00:00,21,-0.058292039142202046,0
2026-01-01 10:15:00,21,-0.08769537531392624,0
2026-01-01 10:30:00,21,-0.07966686203936357,0
2026-01-01 10:45:00,21,-0.08456170266768054,0
2026-01-01 11:00:00,21,-0.0511509136420476,0
2026-01-01 11:15:00,21,-0.08090923704929148,0
2026-01-01 11:30:00,21,-0.06173242117259092,0
2026-01-01 11:45:00,21,-0.08986274058544702,0
2026-01-01 12:00:00,21,-0.08796900591234358,0
2026-01-01 12:15:00,21,-0.07334889624695007,0
2026-01-01 12:30:00,21,-0.06935175426977497,0
2026-01-01 12:45:00,21,-0.07152040283042915,0
2026-01-01 13:00:00,21,-0.06852195669752709,0
2026-01-01 13:15:00,21,-0.045126578447603316,0
2026-01-01 13:30:00,21,-0.05146300370575407,0
2026-01-01 13:45:00,21,-0.04400344916446264,0
2026-01-01 14:00:00,21,-0.03880286825030471,0
2026-01-01 00:00:00,22,0.06259860361546832,0
2026-01-01 00:15:00,22,0.04031488641647518,0
2026-01-01 00:30:00,22,0.048279419414994695,0
2026-01-01 00:45:00,22,-0.07991767099682667,0
2026-01-01 01:00:00,22,-0.08153165964533438,0
2026-01-01 01:15:00,22,-0.06800999172758088,0
2026-01-01 01:30:00,22,-0.09723854718238689,0
2026-01-01 01:45:00,22,-0.09817292890496282,0
2026-01-01 02:00:00,22,-0.08007935257883525,0
2026-01-01 02:15:00,22,-0.09030225546338388,0
2026-01-01 02:30:00,22,-0.09341304147638008,0
2026-01-01 02:45:00,22,-0.09574704283118973,0
2026-01-01 03:00:00,22,-0.09133904618067706,0
2026-01-01 03:15:00,22,-0.10594724131950828,0
2026-01-01 03:30:00,22,-0.105338225566313,0
2026-01-01 03:45:00,22,-0.10516377457862608,0
2026-01-01 04:00:00,22,-0.0843136777494119,0
2026-01-01 04:15:00,22,-0.09651174347688413,0
2026-01-01 04:30:00,22,-0.0915837464175428,0
2026-01-01 04:45:00,22,-0.0944298406163836,0
2026-01-01 05:00:00,22,-0.07087628724352002,0
2026-01-01 05:15:00,22,-0.09855832102910733,0
2026-01-01 05:30:00,22,-0.03766196815746492,0
2026-01-01 05:45:00,22,-0.08084965946663752,0
2026-01-01 06:00:00,22,-0.08481709267278337,0
2026-01-01 06:15:00,22,-0.08427750164529163,0
2026-01-01 06:30:00,22,-0.08737100328095249,0
2026-01-01 06:45:00,22,-0.0858463805063503,0
2026-01-01 07:00:00,22,-0.09218938718841763,0
2026-01-01 07:15:00,22,-0.10182537530440117,0
2026-01-01 07:30:00,22,-0.07350193893339035,0
2026-01-01 07:45:00,22,-0.0528097895287431,0
2026-01-01 08:00:00,22,-0.0488872123699835,0
2026-01-01 08:15:00,22,-0.049939203707516366,0
2026-01-01 08:30:00,22,-0.058884849782914805,0
2026-01-01 08:45:00,22,-0.0762328727743058,0
2026-01-01 09:00:00,22,-0.0644846986613658,0
2026-01-01 09:15:00,22,-0.09782995486357943,0
2026-01-01 09:30:00,22,-0.08990540858493001,0
2026-01-01 09:45:00,22,-0.0817038680201041,0
2026-01-01 10:00:00,22,-0.09631838933023745,0
2026-01-01 10:15:00,22,-0.06217868173870389,0
2026-01-01 10:30:00,22,-0.08227233286790614,0
2026-01-01 10:45:00,22,-0.09566621142371046,0
2026-01-01 11:00:00,22,-0.07878557366456912,0
2026-01-01 11:15:00,22,-0.07244941320558701,0
2026-01-01 11:30:00,22,-0.05858402597735135,0
2026-01-01 11:45:00,22,-0.07837662857721334,0
2026-01-01 12:00:00,22,-0.07335062218731014,0
2026-01-01 12:15:00,22,-0.07981096046692587,0
2026-01-01 12:30:00,22,-0.0795174788398817,0
2026-01-01 12:45:00,22,-0.074212446431828,0
2026-01-01 13:00:00,22,-0.07634537771430866,0
2026-01-01 13:15:00,22,-0.06930670556309165,0
2026-01-01 13:30:00,22,-0.06748425317174145,0
2026-01-01 13:45:00,22,-0.03139873635335755,0
2026-01-01 14:00:00,22,-0.03101149287609556,0
2026-01-01 00:00:00,23,0.056293195587553635,0
2026-01-01 00:15:00,23,0.058578866598211876,0
2026-01-01 00:30:00,23,0.0580563378937351,0
2026-01-01 00:45:00,23,-0.06541226203963069,0
2026-01-01 01:00:00,23,-0.06270792521640595,0
2026-01-01 01:15:00,23,-0.050751075019759784,0
2026-01-01 01:30:00,23,-0.07923884363474343,0
2026-01-01 01:45:00,23,-0.08515319881454603,0
2026-01-01 02:00:00,23,-0.06414755025364605,0
2026-01-01 02:15:00,23,-0.07886693409611606,0
2026-01-01 02:30:00,23,-0.07948233530758192,0
2026-01-01 02:45:00,23,-0.08147335794910987,0
2026-01-01 03:00:00,23,-0.07807530961553405,0
2026-01-01 03:15:00,23,-0.09161467296758774,0
2026-01-01 03:30:00,23,-0.08987574320371866,0
2026-01-01 03:45:00,23,-0.09307033071006304,0
2026-01-01 04:00:00,23,-0.06859954288080611,0
2026-01-01 04:15:00,23,-0.083472492632992,0
2026-01-01 04:30:00,23,-0.0742356208115117,0
2026-01-01 04:45:00,23,-0.07702178728484593,0
2026-01-01 05:00:00,23,-0.05205263287623513,0
2026-01-01 05:15:00,23,-0.08591872333879735,0
2026-01-01 05:30:00,23,-0.021005723704351498,0
2026-01-01 05:45:00,23,-0.06105075536424459,0
2026-01-01 06:00:00,23,-0.06553828105487142,0
2026-01-01 06:15:00,23,-0.0714870086418884,0
2026-01-01 06:30:00,23,-0.06261564878086828,0
2026-01-01 06:45:00,23,-0.03611911390023298,0
2026-01-01 07:00:00,23,-0.058371568671216234,0
2026-01-01 07:15:00,23,-0.0640939613374562,0
2026-01-01 07:30:00,23,-0.05406061770951004,0
2026-01-01 07:45:00,23,-0.03532526464123059,0
2026-01-01 08:00:00,23,-0.03210558776401751,0
2026-01-01 08:15:00,23,-0.030150772134073245,0
2026-01-01 08:30:00,23,-0.039626876300034475,0
2026-01-01 08:45:00,23,-0.04359788480211019,0
2026-01-01 09:00:00,23,-0.03156085104588241,0
2026-01-01 09:15:00,23,-0.06560150106132195,0
2026-01-01 09:30:00,23,-0.05848732718896826,0
2026-01-01 09:45:00,23,-0.038658854724683556,0
2026-01-01 10:00:00,23,-0.05589957530837353,0
2026-01-01 10:15:00,23,-0.06948078413463998,0
2026-01-01 10:30:00,23,-0.06419454177016787,0
2026-01-01 10:45:00,23,-0.07053335528866433,0
2026-01-01 11:00:00,23,-0.043707869777045105,0
2026-01-01 11:15:00,23,-0.05451852470493607,0
2026-01-01 11:30:00,23,-0.03725219416635894,0
2026-01-01 11:45:00,23,-0.07494736895232268,0
2026-01-01 12:00:00,23,-0.07260339658797699,0
2026-01-01 12:15:00,23,-0.058927342242904746,0
2026-01-01 12:30:00,23,-0.053746578712073945,0
2026-01-01 12:45:00,23,-0.05496819764807076,0
2026-01-01 13:00:00,23,-0.056055751825026257,0
2026-01-01 13:15:00,23,-0.03711956002160244,0
2026-01-01 13:30:00,23,-0.04212008357713426,0
2026-01-01 13:45:00,23,-0.014470180633734953,0
2026-01-01 14:00:00,23,-0.015814930477599964,0
2026-01-01 00:00:00,24,-0.01672700593286408,0
2026-01-01 00:15:00,24,-0.019929689175236298,0
2026-01-01 00:30:00,24,-0.01887499852428587,0
2026-01-01 00:45:00,24,-0.06583428068152886,0
2026-01-01 01:00:00,24,-0.06522567773620891,0
2026-01-01 01:15:00,24,-0.05100589928936433,0
2026-01-01 01:30:00,24,-0.08198396371649225,0
2026-01-01 01:45:00,24,-0.08788211109524374,0
2026-01-01 02:00:00,24,-0.06628699009224304,0
2026-01-01 02:15:00,24,-0.07670550356460248,0
2026-01-01 02:30:00,24,-0.08241645125659802,0
2026-01-01 02:45:00,24,-0.08168039554274509,0
2026-01-01 03:00:00,24,-0.07768187944894961,0
2026-01-01 03:15:00,24,-0.09336062298519998,0
2026-01-01 03:30:00,24,-0.09084864888111688,0
2026-01-01 03:45:00,24,-0.09418881381284272,0
2026-01-01 04:00:00,24,-0.07004550472095289,0
2026-01-01 04:15:00,24,-0.08552810853259235,0
2026-01-01 04:30:00,24,-0.07840550843781746,0
2026-01-01 04:45:00,24,-0.07644306152994651,0
2026-01-01 05:00:00,24,-0.05338191593908581,0
2026-01-01 05:15:00,24,-0.08679101583743026,0
2026-01-01 05:30:00,24,-0.02340703884176132,0
2026-01-01 05:45:00,24,-0.06408746165656748,0
2026-01-01 06:00:00,24,-0.06726904318265109,0
2026-01-01 06:15:00,24,-0.06611301210198506,0
2026-01-01 06:30:00,24,-0.06995709181262744,0
2026-01-01 06:45:00,24,-0.055878122245527295,0
2026-01-01 07:00:00,24,-0.065581468837772,0
2026-01-01 07:15:00,24,-0.0817423859133255,0
2026-01-01 07:30:00,24,-0.05327268987191325,0
2026-01-01 07:45:00,24,-0.03560476308762589,0
2026-01-01 08:00:00,24,-0.03745632897498158,0
2026-01-01 08:15:00,24,-0.036180663401772895,0
2026-01-01 08:30:00,24,-0.04812443833154251,0
2026-01-01 08:45:00,24,-0.06119744339374239,0
2026-01-01 09:00:00,24,-0.05850745231566107,0
2026-01-01 09:15:00,24,-0.07279572417227381,0
2026-01-01 09:30:00,24,-0.06651648126799614,0
2026-01-01 09:45:00,24,-0.06921298876883936,0
2026-01-01 10:00:00,24,-0.07625451589828386,0
2026-01-01 10:15:00,24,-0.06908694236012342,0
2026-01-01 10:30:00,24,-0.06984941894249885,0
2026-01-01 10:45:00,24,-0.07621264594917387,0
2026-01-01 11:00:00,24,-0.05763799740818065,0
2026-01-01 11:15:00,24,-0.061065542197417,0
2026-01-01 11:30:00,24,-0.0425084399121296,0
2026-01-01 11:45:00,24,-0.08205294413303904,0
2026-01-01 12:00:00,24,-0.07675876570117957,0
2026-01-01 12:15:00,24,-0.06953134082282936,0
2026-01-01 12:30:00,24,-0.06474266842803694,0
2026-01-01 12:45:00,24,-0.060173676809456456,0
2026-01-01 13:00:00,24,-0.059657648321369994,0
2026-01-01 13:15:00,24,-0.04942413389658673,0
2026-01-01 13:30:00,24,-0.04320779417856413,0
2026-01-01 13:45:00,24,-0.016909050394483593,0
2026-01-01 14:00:00,24,-0.021123745721606024,0
2026-01-01 00:00:00,25,0.12749248581453576,1
2026-01-01 00:15:00,25,0.11222746347237833,1
2026-01-01 00:30:00,25,0.11542980070524844,1
2026-01-01 00:45:00,25,-0.08037216295568589,0
2026-01-01 01:00:00,25,-0.07785631555973493,0
2026-01-01 01:15:00,25,-0.06518799511026097,0
2026-01-01 01:30:00,25,-0.09393833371398169,0
2026-01-01 01:45:00,25,-0.10254376759553274,0
2026-01-01 02:00:00,25,-0.08361230938434988,0
2026-01-01 02:15:00,25,-0.09118176659106447,0
2026-01-01 02:30:00,25,-0.09697394607607329,0
2026-01-01 02:45:00,25,-0.09730614008889804,0
2026-01-01 03:00:00,25,-0.09254119563526281,0
2026-01-01 03:15:00,25,-0.10752635724306076,0
2026-01-01 03:30:00,25,-0.1057693813749298,0
2026-01-01 03:45:00,25,-0.10700037421679381,0
2026-01-01 04:00:00,25,-0.08559918587483645,0
2026-01-01 04:15:00,25,-0.09903189063431334,0
2026-01-01 04:30:00,25,-0.08930752842087053,0
2026-01-01 04:45:00,25,-0.09600464977654594,0
2026-01-01 05:00:00,25,-0.07217997924585007,0
2026-01-01 05:15:00,25,-0.10066113011255201,0
2026-01-01 05:30:00,25,-0.038552535520690545,0
2026-01-01 05:45:00,25,-0.07853385525394524,0
2026-01-01 06:00:00,25,-0.08515974698158546,0
2026-01-01 06:15:00,25,-0.08296273128157794,0
2026-01-01 06:30:00,25,-0.08393892919962942,0
2026-01-01 06:45:00,25,-0.0822704702146072,0
2026-01-01 07:00:00,25,-0.0878303689379139,0
2026-01-01 07:15:00,25,-0.10045409331810784,0
2026-01-01 07:30:00,25,-0.0661254257639135,0
2026-01-01 07:45:00,25,-0.05119183284175677,0
2026-01-01 08:00:00,25,-0.04393248288354279,0
2026-01-01 08:15:00,25,-0.04398750897018111,0
2026-01-01 08:30:00,25,-0.05205918224594164,0
2026-01-01 08:45:00,25,-0.07383349930415328,0
2026-01-01 09:00:00,25,-0.08338250124023683,0
2026-01-01 09:15:00,25,-0.09214567516973837,0
2026-01-01 09:30:00,25,-0.08421601220679298,0
2026-01-01 09:45:00,25,-0.07836000675903321,0
2026-01-01 10:00:00,25,-0.09258517487548862,0
2026-01-01 10:15:00,25,-0.08194085598510126,0
2026-01-01 10:30:00,25,-0.08320475141732858,0
2026-01-01 10:45:00,25,-0.09940410262764532,0
2026-01-01 11:00:00,25,-0.0810580739812079,0
2026-01-01 11:15:00,25,-0.0681138435533793,0
2026-01-01 11:30:00,25,-0.06565637263799196,0
2026-01-01 11:45:00,25,-0.08701593904883331,0
2026-01-01 12:00:00,25,-0.08252500352544262,0
2026-01-01 12:15:00,25,-0.08302627690725528,0
2026-01-01 12:30:00,25,-0.07479991726776203,0
2026-01-01 12:45:00,25,-0.07178051815334924,0
2026-01-01 13:00:00,25,-0.0770964548870276,0
2026-01-01 13:15:00,25,-0.07048510796991458,0
2026-01-01 13:30:00,25,-0.06831437082268133,0
2026-01-01 13:45:00,25,-0.01937002651251707,0
2026-01-01 14:00:00,25,-0.014755983259745364,0
2026-01-01 00:00:00,26,-0.04870613206328861,0
2026-01-01 00:15:00,26,-0.06356178086239817,0
2026-01-01 00:30:00,26,-0.0694682891069075,0
2026-01-01 00:45:00,26,-0.0849986782868703,0
2026-01-01 01:00:00,26,-0.08198614528802972,0
2026-01-01 01:15:00,26,-0.0659198531612551,0
2026-01-01 01:30:00,26,-0.09395159020368932,0
2026-01-01 01:45:00,26,-0.10441413653333503,0
2026-01-01 02:00:00,26,-0.08628308226448883,0
2026-01-01 02:15:00,26,-0.09383074258603091,0
2026-01-01 02:30:00,26,-0.09860675818238784,0
2026-01-01 02:45:00,26,-0.09929348480515948,0
2026-01-01 03:00:00,26,-0.09340677051119323,0
2026-01-01 03:15:00,26,-0.10915655323281775,0
2026-01-01 03:30:00,26,-0.10736055363977592,0
2026-01-01 03:45:00,26,-0.10971128936722196,0
2026-01-01 04:00:00,26,-0.0881917415008005,0
2026-01-01 04:15:00,26,-0.10298677120325284,0
2026-01-01 04:30:00,26,-0.08908909486410688,0
2026-01-01 04:45:00,26,-0.09654620330708152,0
2026-01-01 05:00:00,26,-0.07281237051571743,0
2026-01-01 05:15:00,26,-0.0990401938367913,0
2026-01-01 05:30:00,26,-0.03717133532017153,0
2026-01-01 05:45:00,26,-0.07378520326922977,0
2026-01-01 06:00:00,26,-0.08208827140985969,0
2026-01-01 06:15:00,26,-0.0846806364744001,0
2026-01-01 06:30:00,26,-0.08162567443419061,0
2026-01-01 06:45:00,26,-0.07954465099239338,0
2026-01-01 07:00:00,26,-0.08564148585650605,0
2026-01-01 07:15:00,26,-0.10033509996679835,0
2026-01-01 07:30:00,26,-0.06455916430219638,0
2026-01-01 07:45:00,26,-0.049696028809727066,0
2026-01-01 08:00:00,26,-0.04406676525565756,0
2026-01-01 08:15:00,26,-0.043264188833733064,0
2026-01-01 08:30:00,26,-0.05451631743565627,0
2026-01-01 08:45:00,26,-0.07156605015180828,0
2026-01-01 09:00:00,26,-0.07950241697091587,0
2026-01-01 09:15:00,26,-0.0931176375924701,0
2026-01-01 09:30:00,26,-0.08405424194318989,0
2026-01-01 09:45:00,26,-0.08150470593426229,0
2026-01-01 10:00:00,26,-0.09520749637755038,0
2026-01-01 10:15:00,26,-0.08861972757485093,0
2026-01-01 10:30:00,26,-0.08378381937353957,0
2026-01-01 10:45:00,26,-0.0965996063930658,0
2026-01-01 11:00:00,26,-0.07688573224737821,0
2026-01-01 11:15:00,26,-0.06545086247482917,0
2026-01-01 11:30:00,26,-0.07018967384031816,0
2026-01-01 11:45:00,26,-0.08917613160101534,0
2026-01-01 12:00:00,26,-0.08251315547916915,0
2026-01-01 12:15:00,26,-0.08411929309466254,0
2026-01-01 12:30:00,26,-0.07654254849765885,0
2026-01-01 12:45:00,26,-0.07163012473567154,0
2026-01-01 13:00:00,26,-0.07579722529656646,0
2026-01-01 13:15:00,26,-0.06844412330313654,0
2026-01-01 13:30:00,26,-0.06724302002729321,0
2026-01-01 13:45:00,26,-0.020551327995971203,0
2026-01-01 14:00:00,26,-0.018243044789039098,0
2026-01-01 00:00:00,27,-0.015139027374393765,0
2026-01-01 00:15:00,27,-0.028108025775987977,0
2026-01-01 00:30:00,27,-0.035864295864921736,0
2026-01-01 00:45:00,27,-0.06370930603392666,0
2026-01-01 01:00:00,27,-0.06333877497942508,0
2026-01-01 01:15:00,27,-0.047944810406465865,0
2026-01-01 01:30:00,27,-0.07698709296134926,0
2026-01-01 01:45:00,27,-0.08574904337218808,0
2026-01-01 02:00:00,27,-0.06761759519334626,0
2026-01-01 02:15:00,27,-0.07880508901303762,0
2026-01-01 02:30:00,27,-0.0813344962558899,0
2026-01-01 02:45:00,27,-0.07828454459090745,0
2026-01-01 03:00:00,27,-0.07282272022992636,0
2026-01-01 03:15:00,27,-0.0955658877707477,0
2026-01-01 03:30:00,27,-0.09432750081597852,0
2026-01-01 03:45:00,27,-0.0930349566256245,0
2026-01-01 04:00:00,27,-0.06778394215991768,0
2026-01-01 04:15:00,27,-0.08724838181526445,0
2026-01-01 04:30:00,27,-0.07179071498909878,0
2026-01-01 04:45:00,27,-0.0779098435516627,0
2026-01-01 05:00:00,27,-0.050691882580969905,0
2026-01-01 05:15:00,27,-0.08619529694324363,0
2026-01-01 05:30:00,27,-0.015509385012938748,0
2026-01-01 05:45:00,27,-0.05285117612563667,0
2026-01-01 06:00:00,27,-0.06252777566550821,0
2026-01-01 06:15:00,27,-0.06276766646929832,0
2026-01-01 06:30:00,27,-0.05998251565658702,0
2026-01-01 06:45:00,27,-0.06124437601503824,0
2026-01-01 07:00:00,27,-0.061485953931114334,0
2026-01-01 07:15:00,27,-0.07663492448567599,0
2026-01-01 07:30:00,27,-0.03604807525422493,0
2026-01-01 07:45:00,27,-0.027486035960582966,0
2026-01-01 08:00:00,27,-0.023135361668333077,0
2026-01-01 08:15:00,27,-0.021478138868400998,0
2026-01-01 08:30:00,27,-0.02953960843241782,0
2026-01-01 08:45:00,27,-0.04853065482545227,0
2026-01-01 09:00:00,27,-0.05637877915260053,0
2026-01-01 09:15:00,27,-0.06210368272144057,0
2026-01-01 09:30:00,27,-0.05684997929753732,0
2026-01-01 09:45:00,27,-0.060403422224640124,0
2026-01-01 10:00:00,27,-0.07498492090785336,0
2026-01-01 10:15:00,27,-0.06971681818121817,0
2026-01-01 10:30:00,27,-0.057274647039832094,0
2026-01-01 10:45:00,27,-0.07619457865383494,0
2026-01-01 11:00:00,27,-0.05673468030331097,0
2026-01-01 11:15:00,27,-0.04030434789823817,0
2026-01-01 11:30:00,27,-0.04811268241861505,0
2026-01-01 11:45:00,27,-0.07296236036162623,0
2026-01-01 12:00:00,27,-0.06036709707314186,0
2026-01-01 12:15:00,27,-0.06669010038777567,0
2026-01-01 12:30:00,27,-0.05688462559008056,0
2026-01-01 12:45:00,27,-0.0482516553147283,0
2026-01-01 13:00:00,27,-0.05268346815428088,0
2026-01-01 13:15:00,27,-0.04570868040251941,0
2026-01-01 13:30:00,27,-0.046147247287058824,0
2026-01-01 13:45:00,27,-0.004177185917963455,0
2026-01-01 14:00:00,27,-0.0018187946753831508,0
2026-01-01 00:00:00,28,0.023383686751644706,0
2026-01-01 00:15:00,28,0.011210248221157681,0
2026-01-01 00:30:00,28,0.0166803845605884,0
2026-01-01 00:45:00,28,-0.03687249769759188,0
2026-01-01 01:00:00,28,-0.019680871912880482,0
2026-01-01 01:15:00,28,-0.012545626735008975,0
2026-01-01 01:30:00,28,-0.035280515060345075,0
2026-01-01 01:45:00,28,-0.055895532732552156,0
2026-01-01 02:00:00,28,-0.038982087719960035,0
2026-01-01 02:15:00,28,-0.051456078981862774,0
2026-01-01 02:30:00,28,-0.052519959381857106,0
2026-01-01 02:45:00,28,-0.04519884804838037,0
2026-01-01 03:00:00,28,-0.04337162338923378,0
2026-01-01 03:15:00,28,-0.06041469745223893,0
2026-01-01 03:30:00,28,-0.06276281330508116,0
2026-01-01 03:45:00,28,-0.05945426387840741,0
2026-01-01 04:00:00,28,-0.03326974723986642,0
2026-01-01 04:15:00,28,-0.055627044064487374,0
2026-01-01 04:30:00,28,-0.026442793791564834,0
2026-01-01 04:45:00,28,-0.04552014905152629,0
2026-01-01 05:00:00,28,-0.018035678354552276,0
2026-01-01 05:15:00,28,-0.05401056766828688,0
2026-01-01 05:30:00,28,0.02306641968373968,0
2026-01-01 05:45:00,28,-0.006712410700471572,0
2026-01-01 06:00:00,28,-0.020583173236918273,0
2026-01-01 06:15:00,28,-0.03236737916885962,0
2026-01-01 06:30:00,28,-0.019974558446000545,0
2026-01-01 06:45:00,28,-0.014080888514674372,0
2026-01-01 07:00:00,28,-0.01877470708521639,0
2026-01-01 07:15:00,28,-0.04278474303964608,0
2026-01-01 07:30:00,28,0.01805869184094555,0
2026-01-01 07:45:00,28,0.017605456604629977,0
2026-01-01 08:00:00,28,0.020912678672867724,0
2026-01-01 08:15:00,28,0.023277731344290342,0
2026-01-01 08:30:00,28,-0.0005436781470750107,0
2026-01-01 08:45:00,28,-0.016055205770267422,0
2026-01-01 09:00:00,28,-0.021490617777796428,0
2026-01-01 09:15:00,28,-0.011782942888542147,0
2026-01-01 09:30:00,28,0.0002757021626769163,0
2026-01-01 09:45:00,28,-0.026849371855265924,0
2026-01-01 10:00:00,28,-0.03859268852201525,0
2026-01-01 10:15:00,28,-0.034911348462415226,0
2026-01-01 10:30:00,28,-0.008939981994013302,0
2026-01-01 10:45:00,28,-0.03180766500342186,0
2026-01-01 11:00:00,28,-0.025128265232239044,0
2026-01-01 11:15:00,28,-0.01782173252025082,0
2026-01-01 11:30:00,28,-0.023226150467677342,0
2026-01-01 11:45:00,28,-0.04154456738522205,0
2026-01-01 12:00:00,28,-0.03669393983266006,0
2026-01-01 12:15:00,28,-0.03064386096436117,0
2026-01-01 12:30:00,28,-0.026716261677228903,0
2026-01-01 12:45:00,28,-0.01989545264632392,0
2026-01-01 13:00:00,28,-0.014900161030059644,0
2026-01-01 13:15:00,28,-0.008599242908117699,0
2026-01-01 13:30:00,28,-0.008535223745707643,0
2026-01-01 13:45:00,28,0.026526756511072613,0
2026-01-01 14:00:00,28,0.016493928228919486,0
2026-01-01 00:00:00,29,0.08537813539962547,1
2026-01-01 00:15:00,29,0.07872123498706207,0
2026-01-01 00:30:00,29,0.08242124724149458,1
2026-01-01 00:45:00,29,0.03817121277873681,0
2026-01-01 01:00:00,29,0.05192848036289388,0
2026-01-01 01:15:00,29,0.05874037636194229,0
2026-01-01 01:30:00,29,0.04057126437144465,0
2026-01-01 01:45:00,29,0.019350132018374988,0
2026-01-01 02:00:00,29,0.0326523467212958,0
2026-01-01 02:15:00,29,0.021920637078138405,0
2026-01-01 02:30:00,29,0.02277100456401082,0
2026-01-01 02:45:00,29,0.024874942643826503,0
2026-01-01 03:00:00,29,0.03257155616970797,0
2026-01-01 03:15:00,29,0.014365932564575967,0
2026-01-01 03:30:00,29,0.013535490927017335,0
2026-01-01 03:45:00,29,0.0181650835048085,0
2026-01-01 04:00:00,29,0.03417698024415616,0
2026-01-01 04:15:00,29,0.02007742134799506,0
2026-01-01 04:30:00,29,0.03951274003023186,0
2026-01-01 04:45:00,29,0.030403335621380978,0
2026-01-01 05:00:00,29,0.05421802662817077,0
2026-01-01 05:15:00,29,0.018488330923111085,0
2026-01-01 05:30:00,29,0.08812087129596402,1
2026-01-01 05:45:00,29,0.05633011785989184,0
2026-01-01 06:00:00,29,0.050819982109105655,0
2026-01-01 06:15:00,29,0.035067062856446896,0
2026-01-01 06:30:00,29,0.05770719159574689,0
2026-01-01 06:45:00,29,0.05533797763970827,0
2026-01-01 07:00:00,29,0.054137182394136896,0
2026-01-01 07:15:00,29,0.02914686033409919,0
2026-01-01 07:30:00,29,0.08730312740938206,1
2026-01-01 07:45:00,29,0.0906718964407518,1
2026-01-01 08:00:00,29,0.0888120209233455,1
2026-01-01 08:15:00,29,0.09396568674471373,1
2026-01-01 08:30:00,29,0.07309226380618905,0
2026-01-01 08:45:00,29,0.058512459264333905,0
2026-01-01 09:00:00,29,0.053080203883128285,0
2026-01-01 09:15:00,29,0.05564927072970505,0
2026-01-01 09:30:00,29,0.07320915777598491,0
2026-01-01 09:45:00,29,0.03780605924967695,0
2026-01-01 10:00:00,29,0.023752576149691174,0
2026-01-01 10:15:00,29,0.025543020347802536,0
2026-01-01 10:30:00,29,0.05460890167077115,0
2026-01-01 10:45:00,29,0.035833772700369027,0
2026-01-01 11:00:00,29,0.04560602413651116,0
2026-01-01 11:15:00,29,0.05334404407121751,0
2026-01-01 11:30:00,29,0.03938309590767319,0
2026-01-01 11:45:00,29,0.02676584631322576,0
2026-01-01 12:00:00,29,0.030264227172445257,0
2026-01-01 12:15:00,29,0.0282015624544264,0
2026-01-01 12:30:00,29,0.03658998959684656,0
2026-01-01 12:45:00,29,0.04043565081168099,0
2026-01-01 13:00:00,29,0.04219421516094235,0
2026-01-01 13:15:00,29,0.04753506991132472,0
2026-01-01 13:30:00,29,0.04728778177859516,0
2026-01-01 13:45:00,29,0.07782119871929738,0
2026-01-01 14:00:00,29,0.07879541765039466,0
2026-01-01 00:00:00,30,0.06609086270423714,0
2026-01-01 00:15:00,30,0.07820447270168007,0
2026-01-01 00:30:00,30,0.05141793981038112,0
2026-01-01 00:45:00,30,-0.04551134886825908,0
2026-01-01 01:00:00,30,-0.03026144182135182,0
2026-01-01 01:15:00,30,-0.015644478368095738,0
2026-01-01 01:30:00,30,-0.038272168653314675,0
2026-01-01 01:45:00,30,-0.060533373798324186,0
2026-01-01 02:00:00,30,-0.05058877044054899,0
2026-01-01 02:15:00,30,-0.06541037695386681,0
2026-01-01 02:30:00,30,-0.061565909547859954,0
2026-01-01 02:45:00,30,-0.05917393566669238,0
2026-01-01 03:00:00,30,-0.05538008998714938,0
2026-01-01 03:15:00,30,-0.07273784659294841,0
2026-01-01 03:30:00,30,-0.07226198323563687,0
2026-01-01 03:45:00,30,-0.07196673368378481,0
2026-01-01 04:00:00,30,-0.048227093254458175,0
2026-01-01 04:15:00,30,-0.06862376461006331,0
2026-01-01 04:30:00,30,-0.04245588260283223,0
2026-01-01 04:45:00,30,-0.05731932149989477,0
2026-01-01 05:00:00,30,-0.032283621254202366,0
2026-01-01 05:15:00,30,-0.06662714914962597,0
2026-01-01 05:30:00,30,0.0016043798421400135,0
2026-01-01 05:45:00,30,-0.025709529910741935,0
2026-01-01 06:00:00,30,-0.03861508580971612,0
2026-01-01 06:15:00,30,-0.05424360726608357,0
2026-01-01 06:30:00,30,-0.03573554351381519,0
2026-01-01 06:45:00,30,-0.0331764369113417,0
2026-01-01 07:00:00,30,-0.035432377321970354,0
2026-01-01 07:15:00,30,-0.06060561745430171,0
2026-01-01 07:30:00,30,0.003004904074765946,0
2026-01-01 07:45:00,30,0.0007040999104277468,0
2026-01-01 08:00:00,30,0.0032862391559090876,0
2026-01-01 08:15:00,30,0.008934505489704203,0
2026-01-01 08:30:00,30,-0.01839815817362883,0
2026-01-01 08:45:00,30,-0.02697290807487651,0
2026-01-01 09:00:00,30,-0.0336870483650385,0
2026-01-01 09:15:00,30,-0.028635727270467037,0
2026-01-01 09:30:00,30,-0.014641548499621682,0
2026-01-01 09:45:00,30,-0.04499923446824722,0
2026-01-01 10:00:00,30,-0.061017724407005924,0
2026-01-01 10:15:00,30,-0.057378381512884324,0
2026-01-01 10:30:00,30,-0.029851466110219826,0
2026-01-01 10:45:00,30,-0.04979938206177836,0
2026-01-01 11:00:00,30,-0.04338391754354998,0
2026-01-01 11:15:00,30,-0.03671635441581572,0
2026-01-01 11:30:00,30,-0.03936576126754043,0
2026-01-01 11:45:00,30,-0.05520398459279097,0
2026-01-01 12:00:00,30,-0.05001652807588364,0
2026-01-01 12:15:00,30,-0.050428052558762704,0
2026-01-01 12:30:00,30,-0.04361209917254766,0
2026-01-01 12:45:00,30,-0.03843941604066148,0
2026-01-01 13:00:00,30,-0.0344425343226511,0
2026-01-01 13:15:00,30,-0.027444963226947672,0
2026-01-01 13:30:00,30,-0.028298660126347852,0
2026-01-01 13:45:00,30,0.013218239943773136,0
2026-01-01 14:00:00,30,-0.004202836943043964,0
2026-01-01 00:00:00,31,0.025443679307719624,0
2026-01-01 00:15:00,31,0.02057193862443507,0
2026-01-01 00:30:00,31,-0.0054782135824889555,0
2026-01-01 00:45:00,31,-0.039598216133489295,0
2026-01-01 01:00:00,31,-0.03198574544782706,0
2026-01-01 01:15:00,31,-0.016486321002906756,0
2026-01-01 01:30:00,31,-0.036279582302903846,0
2026-01-01 01:45:00,31,-0.05623224058223686,0
2026-01-01 02:00:00,31,-0.044732330910683016,0
2026-01-01 02:15:00,31,-0.05508957766268713,0
2026-01-01 02:30:00,31,-0.056651778791930785,0
2026-01-01 02:45:00,31,-0.05380210726522039,0
2026-01-01 03:00:00,31,-0.05171921587994566,0
2026-01-01 03:15:00,31,-0.07434334926782915,0
2026-01-01 03:30:00,31,-0.07336969257011472,0
2026-01-01 03:45:00,31,-0.06838594493290961,0
2026-01-01 04:00:00,31,-0.044116021540266004,0
2026-01-01 04:15:00,31,-0.06587447021682313,0
2026-01-01 04:30:00,31,-0.04148108813877199,0
2026-01-01 04:45:00,31,-0.05383580785590253,0
2026-01-01 05:00:00,31,-0.027047268105363842,0
2026-01-01 05:15:00,31,-0.06649430616731467,0
2026-01-01 05:30:00,31,0.0067724249010646664,0
2026-01-01 05:45:00,31,-0.020625317741496008,0
2026-01-01 06:00:00,31,-0.03599341813521317,0
2026-01-01 06:15:00,31,-0.05005889440821426,0
2026-01-01 06:30:00,31,-0.0334620183515526,0
2026-01-01 06:45:00,31,-0.026676920218975497,0
2026-01-01 07:00:00,31,-0.03288705389091634,0
2026-01-01 07:15:00,31,-0.05438075096850575,0
2026-01-01 07:30:00,31,0.01145467236433051,0
2026-01-01 07:45:00,31,0.007582639790986279,0
2026-01-01 08:00:00,31,0.008081308042708901,0
2026-01-01 08:15:00,31,0.012678103615817005,0
2026-01-01 08:30:00,31,-0.01070488249623791,0
2026-01-01 08:45:00,31,-0.02289574791116533,0
2026-01-01 09:00:00,31,-0.02973535093943408,0
2026-01-01 09:15:00,31,-0.026976559689897095,0
2026-01-01 09:30:00,31,-0.00822908869876543,0
2026-01-01 09:45:00,31,-0.04080345650529338,0
2026-01-01 10:00:00,31,-0.05747293991470154,0
2026-01-01 10:15:00,31,-0.054376038889366374,0
2026-01-01 10:30:00,31,-0.02833814399465001,0
2026-01-01 10:45:00,31,-0.04438128165298538,0
2026-01-01 11:00:00,31,-0.03775989387861112,0
2026-01-01 11:15:00,31,-0.03347282890739417,0
2026-01-01 11:30:00,31,-0.03939131269465085,0
2026-01-01 11:45:00,31,-0.054850292536199885,0
2026-01-01 12:00:00,31,-0.04879071367823251,0
2026-01-01 12:15:00,31,-0.048799665148507254,0
2026-01-01 12:30:00,31,-0.04314032743523488,0
2026-01-01 12:45:00,31,-0.03597634294663343,0
2026-01-01 13:00:00,31,-0.03268156616939982,0
2026-01-01 13:15:00,31,-0.023731452720012758,0
2026-01-01 13:30:00,31,-0.0250090780871714,0
2026-01-01 13:45:00,31,0.017800137868541843,0
2026-01-01 14:00:00,31,0.0022392066291795354,0
2026-01-01 00:00:00,32,0.04973332848272127,0
2026-01-01 00:15:00,32,0.029487205671917427,0
2026-01-01 00:30:00,32,0.014964076298769613,0
2026-01-01 00:45:00,32,-0.04183689125681356,0
2026-01-01 01:00:00,32,-0.030177481078678625,0
2026-01-01 01:15:00,32,-0.016742196127295383,0
2026-01-01 01:30:00,32,-0.03923376182817617,0
2026-01-01 01:45:00,32,-0.05787877924848528,0
2026-01-01 02:00:00,32,-0.04278899635782174,0
2026-01-01 02:15:00,32,-0.05388760435242557,0
2026-01-01 02:30:00,32,-0.05531217287813017,0
2026-01-01 02:45:00,32,-0.0544334912934325,0
2026-01-01 03:00:00,32,-0.05268602718387533,0
2026-01-01 03:15:00,32,-0.06814458632034337,0
2026-01-01 03:30:00,32,-0.0666934765004929,0
2026-01-01 03:45:00,32,-0.06864844202090464,0
2026-01-01 04:00:00,32,-0.044929046389933,0
2026-01-01 04:15:00,32,-0.06574740389473771,0
2026-01-01 04:30:00,32,-0.04458250561983207,0
2026-01-01 04:45:00,32,-0.05760287903689587,0
2026-01-01 05:00:00,32,-0.032084869752000145,0
2026-01-01 05:15:00,32,-0.06507952917165782,0
2026-01-01 05:30:00,32,0.0018211982604636745,0
2026-01-01 05:45:00,32,-0.028510423148332686,0
2026-01-01 06:00:00,32,-0.038990114310530954,0
2026-01-01 06:15:00,32,-0.046290341384284894,0
2026-01-01 06:30:00,32,-0.03641258300868688,0
2026-01-01 06:45:00,32,-0.03851368380946618,0
2026-01-01 07:00:00,32,-0.036204856858499335,0
2026-01-01 07:15:00,32,-0.054531359808056346,0
2026-01-01 07:30:00,32,0.002803456734104315,0
2026-01-01 07:45:00,32,0.004958023092448971,0
2026-01-01 08:00:00,32,0.0077197535564943465,0
2026-01-01 08:15:00,32,0.01321132536967029,0
2026-01-01 08:30:00,32,-0.008478079218737056,0
2026-01-01 08:45:00,32,-0.025064928305806533,0
2026-01-01 09:00:00,32,-0.031412185950382476,0
2026-01-01 09:15:00,32,-0.030607548788467942,0
2026-01-01 09:30:00,32,-0.01706482909495699,0
2026-01-01 09:45:00,32,-0.04223160134395165,0
2026-01-01 10:00:00,32,-0.054491290339930276,0
2026-01-01 10:15:00,32,-0.052132890102853824,0
2026-01-01 10:30:00,32,-0.02846393269292652,0
2026-01-01 10:45:00,32,-0.047941679784143265,0
2026-01-01 11:00:00,32,-0.03779437823007581,0
2026-01-01 11:15:00,32,-0.025011277885433114,0
2026-01-01 11:30:00,32,-0.03402867727924658,0
2026-01-01 11:45:00,32,-0.049467153397059704,0
2026-01-01 12:00:00,32,-0.04126796568772495,0
2026-01-01 12:15:00,32,-0.04462362360648564,0
2026-01-01 12:30:00,32,-0.03369428391113821,0
2026-01-01 12:45:00,32,-0.03381759774295351,0
2026-01-01 13:00:00,32,-0.032355065021540064,0
2026-01-01 13:15:00,32,-0.024756304373289573,0
2026-01-01 13:30:00,32,-0.024178028518353156,0
2026-01-01 13:45:00,32,0.015774108185699576,0
2026-01-01 14:00:00,32,0.008395193007496471,0
