timestamp,load_mw,load_pu,solar_mw,solar_pu
2026-01-01 00:00:00,0.6526248675948686,0.6526248675948686,0.0,0.0
2026-01-01 00:15:00,0.616659969169476,0.616659969169476,0.0,0.0
2026-01-01 00:30:00,0.6648620987837032,0.6648620987837032,0.0,0.0
2026-01-01 00:45:00,0.6701718946148277,0.6701718946148277,0.0,0.0
2026-01-01 01:00:00,0.5928555708618635,0.5928555708618635,0.0,0.0
2026-01-01 01:15:00,0.6106393122745007,0.6106393122745007,0.0,0.0
2026-01-01 01:30:00,0.6495120542509181,0.6495120542509181,0.0,0.0
2026-01-01 01:45:00,0.6382639936692347,0.6382639936692347,0.0,0.0
2026-01-01 02:00:00,0.6471916708797048,0.6471916708797048,0.0,0.0
2026-01-01 02:15:00,0.6259354993310569,0.6259354993310569,0.0,0.0
2026-01-01 02:30:00,0.6739822805174307,0.6739822805174307,0.0,0.0
2026-01-01 02:45:00,0.6732855234420363,0.6732855234420363,0.0,0.0
2026-01-01 03:00:00,0.6568002938149488,0.6568002938149488,0.0,0.0
2026-01-01 03:15:00,0.6886016158587868,0.6886016158587868,0.0,0.0
2026-01-01 03:30:00,0.6750666319742202,0.6750666319742202,0.0,0.0
2026-01-01 03:45:00,0.6446116006349378,0.6446116006349378,0.0,0.0
2026-01-01 04:00:00,0.6838243914528901,0.6838243914528901,0.0,0.0
2026-01-01 04:15:00,0.6556802496950388,0.6556802496950388,0.0,0.0
2026-01-01 04:30:00,0.7137716670275174,0.7137716670275174,0.0,0.0
2026-01-01 04:45:00,0.6989923659100031,0.6989923659100031,0.0,0.0
2026-01-01 05:00:00,0.7068324472114721,0.7068324472114721,0.0,0.0
2026-01-01 05:15:00,0.706224045544082,0.706224045544082,0.0,0.0
2026-01-01 05:30:00,0.7710851922978786,0.7710851922978786,0.0,0.0
2026-01-01 05:45:00,0.7487513581316035,0.7487513581316035,0.0,0.0
2026-01-01 06:00:00,0.7565375145388226,0.7565375145388226,0.0,0.0
2026-01-01 06:15:00,0.7738389145981025,0.7738389145981025,0.01284500062111368,0.02569000124222736
2026-01-01 06:30:00,0.8125085736406243,0.8125085736406243,0.029078435255479484,0.05815687051095897
2026-01-01 06:45:00,0.8221722364082719,0.8221722364082719,0.07706444090981646,0.1541288818196329
2026-01-01 07:00:00,0.8363107852280514,0.8363107852280514,0.08671391964765364,0.17342783929530728
2026-01-01 07:15:00,0.8479449666246476,0.8479449666246476,0.1000428441603322,0.2000856883206644
2026-01-01 07:30:00,0.9028915004080623,0.9028915004080623,0.15494926010480434,0.3098985202096087
2026-01-01 07:45:00,0.8411387682607167,0.8411387682607167,0.11735250278236237,0.23470500556472473
2026-01-01 08:00:00,0.842312525517556,0.842312525517556,0.16078290697789316,0.3215658139557863
2026-01-01 08:15:00,0.8355549389823704,0.8355549389823704,0.1838871377208711,0.3677742754417422
2026-01-01 08:30:00,0.8726340645027193,0.8726340645027193,0.22774222228976443,0.45548444457952886
2026-01-01 08:45:00,0.8826749117276714,0.8826749117276714,0.23327761570779496,0.4665552314155899
2026-01-01 09:00:00,0.8434536498117422,0.8434536498117422,0.3131805524210403,0.6263611048420806
2026-01-01 09:15:00,0.8163380547740972,0.8163380547740972,0.3203996815540176,0.6407993631080352
2026-01-01 09:30:00,0.8078158794864685,0.8078158794864685,0.31655127813461437,0.6331025562692287
2026-01-01 09:45:00,0.837618483716949,0.837618483716949,0.3536981212643471,0.7073962425286942
2026-01-01 10:00:00,0.8299672432734798,0.8299672432734798,0.41080157062008305,0.8216031412401661
2026-01-01 10:15:00,0.8145568707000868,0.8145568707000868,0.4456374989253868,0.8912749978507736
2026-01-01 10:30:00,0.7725869986679897,0.7725869986679897,0.4939285501786116,0.9878571003572232
2026-01-01 10:45:00,0.7879889195997842,0.7879889195997842,0.5,1.0
2026-01-01 11:00:00,0.7773269299759615,0.7773269299759615,0.4850235546731177,0.9700471093462354
2026-01-01 11:15:00,0.7738237964219273,0.7738237964219273,0.46091995662938245,0.9218399132587649
2026-01-01 11:30:00,0.7865519279813249,0.7865519279813249,0.4402962318418538,0.8805924636837076
2026-01-01 11:45:00,0.7659001539084062,0.7659001539084062,0.5,1.0
2026-01-01 12:00:00,0.7763871576742999,0.7763871576742999,0.47967647261724183,0.9593529452344837
2026-01-01 12:15:00,0.7597650144278135,0.7597650144278135,0.4880111207707487,0.9760222415414974
2026-01-01 12:30:00,0.7669565592724288,0.7669565592724288,0.4782949688836414,0.9565899377672828
2026-01-01 12:45:00,0.7787830359075177,0.7787830359075177,0.4821386374697694,0.9642772749395389
2026-01-01 13:00:00,0.7267096077989813,0.7267096077989813,0.5,1.0
2026-01-01 13:15:00,0.7624499116912102,0.7624499116912102,0.46465665473033885,0.9293133094606777
2026-01-01 13:30:00,0.7647961980778707,0.7647961980778707,0.4400444069603497,0.8800888139206994
2026-01-01 13:45:00,0.7677661313341733,0.7677661313341733,0.39879299090738196,0.7975859818147639
2026-01-01 14:00:00,0.7860487312053912,0.7860487312053912,0.36109665081621933,0.7221933016324387
2026-01-01 14:15:00,0.8430274999896078,0.8430274999896078,0.3669299005677024,0.7338598011354048
2026-01-01 14:30:00,0.7900375474336525,0.7900375474336525,0.3519768717267228,0.7039537434534456
2026-01-01 14:45:00,0.8504076877743435,0.8504076877743435,0.370153496820984,0.740306993641968
2026-01-01 15:00:00,0.7911123659433087,0.7911123659433087,0.30055864178750247,0.6011172835750049
2026-01-01 15:15:00,0.839708493487293,0.839708493487293,0.2922632571722792,0.5845265143445584
2026-01-01 15:30:00,0.8659287880588425,0.8659287880588425,0.22500507740517997,0.45001015481035994
2026-01-01 15:45:00,0.8904468120388568,0.8904468120388568,0.1774279420955836,0.3548558841911672
2026-01-01 16:00:00,0.907069186681443,0.907069186681443,0.15264877624082757,0.30529755248165513
2026-01-01 16:15:00,0.922461235653698,0.922461235653698,0.1289409275270398,0.2578818550540796
2026-01-01 16:30:00,0.9047145085282033,0.9047145085282033,0.17157843113519447,0.34315686227038894
2026-01-01 16:45:00,0.9140564625744251,0.9140564625744251,0.07058640070098487,0.14117280140196975
2026-01-01 17:00:00,0.9611413044922583,0.9611413044922583,0.0867983685931979,0.1735967371863958
2026-01-01 17:15:00,0.9436747724069076,0.9436747724069076,0.02051157207662999,0.04102314415325998
2026-01-01 17:30:00,0.9240792368032595,0.9240792368032595,0.04686784347804146,0.09373568695608292
2026-01-01 17:45:00,0.9360063923920394,0.9360063923920394,0.01798688389985237,0.03597376779970474
2026-01-01 18:00:00,0.9482624577865107,0.9482624577865107,0.0,0.0
2026-01-01 18:15:00,0.9910410611547007,0.9910410611547007,0.0,0.0
2026-01-01 18:30:00,0.9843997730947701,0.9843997730947701,0.0,0.0
2026-01-01 18:45:00,1.0,1.0,0.0,0.0
2026-01-01 19:00:00,0.9688578202865334,0.9688578202865334,0.0,0.0
2026-01-01 19:15:00,0.9813717328611166,0.9813717328611166,0.0,0.0
2026-01-01 19:30:00,0.988670227179034,0.988670227179034,0.0,0.0
2026-01-01 19:45:00,0.9563886280586658,0.9563886280586658,0.0,0.0
2026-01-01 20:00:00,0.9679057520994996,0.9679057520994996,0.0,0.0
2026-01-01 20:15:00,0.9271441805178403,0.9271441805178403,0.0,0.0
2026-01-01 20:30:00,0.9229007660164735,0.9229007660164735,0.0,0.0
2026-01-01 20:45:00,0.9088198682181473,0.9088198682181473,0.0,0.0
2026-01-01 21:00:00,0.8723034598677841,0.8723034598677841,0.0,0.0
2026-01-01 21:15:00,0.9019368880979975,0.9019368880979975,0.0,0.0
2026-01-01 21:30:00,0.8601398342318493,0.8601398342318493,0.0,0.0
2026-01-01 21:45:00,0.8565705334140882,0.8565705334140882,0.0,0.0
2026-01-01 22:00:00,0.8525025538679534,0.8525025538679534,0.0,0.0
2026-01-01 22:15:00,0.8350399885292922,0.8350399885292922,0.0,0.0
2026-01-01 22:30:00,0.8246602443169657,0.8246602443169657,0.0,0.0
2026-01-01 22:45:00,0.788382449319941,0.788382449319941,0.0,0.0
2026-01-01 23:00:00,0.7645149323058839,0.7645149323058839,0.0,0.0
2026-01-01 23:15:00,0.7593406325323926,0.7593406325323926,0.0,0.0
2026-01-01 23:30:00,0.7026659125321266,0.7026659125321266,0.0,0.0
2026-01-01 23:45:00,0.6965092995528848,0.6965092995528848,0.0,0.0
